analysis,month,estimate,se,lcl,ucl
3dc4d8ffd494e1a890e3c87d0f58ce50e6afc925,November,2.466,0.0975,2.275,2.657
3dc4d8ffd494e1a890e3c87d0f58ce50e6afc925,December,3.55,0.07947,3.395,3.706
3dc4d8ffd494e1a890e3c87d0f58ce50e6afc925,January,3.96,0.07082,3.822,4.099
3dc4d8ffd494e1a890e3c87d0f58ce50e6afc925,February,4.179,0.07286,4.036,4.322
