analysis,month,estimate,se,lcl,ucl
181ed7ace81a2946d4a3f6ee657ebca17626e24e,November,4.539,0.05874,4.424,4.654
181ed7ace81a2946d4a3f6ee657ebca17626e24e,December,4.24,0.0594,4.123,4.356
181ed7ace81a2946d4a3f6ee657ebca17626e24e,January,4.317,0.0564,4.207,4.428
181ed7ace81a2946d4a3f6ee657ebca17626e24e,February,4.288,0.05684,4.176,4.399
