analysis,month,estimate,se,lcl,ucl
2867a99db50168b8e86a4750c0a01352236c2ecd,November,5.645,0.04377,5.559,5.73
2867a99db50168b8e86a4750c0a01352236c2ecd,December,5.602,0.044,5.516,5.688
2867a99db50168b8e86a4750c0a01352236c2ecd,January,5.566,0.04191,5.484,5.648
2867a99db50168b8e86a4750c0a01352236c2ecd,February,5.522,0.04433,5.435,5.609
