analysis,month,estimate,se,lcl,ucl
70d28cf5b451633b5fa241ae1476d80f81c56e7f,November,8.771,0.03088,8.71,8.831
70d28cf5b451633b5fa241ae1476d80f81c56e7f,December,8.862,0.0328,8.797,8.926
70d28cf5b451633b5fa241ae1476d80f81c56e7f,January,8.913,0.02974,8.854,8.971
70d28cf5b451633b5fa241ae1476d80f81c56e7f,February,8.726,0.03113,8.665,8.787
