analysis,month,estimate,se,lcl,ucl
8726b27006c00781273a8325ee100c69e19258ff,October,10.03,0.01907,9.996,10.07
8726b27006c00781273a8325ee100c69e19258ff,November,10.16,0.0188,10.12,10.2
8726b27006c00781273a8325ee100c69e19258ff,December,10.28,0.01888,10.24,10.32
8726b27006c00781273a8325ee100c69e19258ff,January,10.3,0.01879,10.27,10.34
8726b27006c00781273a8325ee100c69e19258ff,February,10.08,0.01905,10.04,10.12
8726b27006c00781273a8325ee100c69e19258ff,March,9.57,0.01914,9.533,9.608
