analysis,month,estimate,se,lcl,ucl
af41b4589f238acc757f45783f13c96e137b47a3,October,6.564,0.09448,6.379,6.749
af41b4589f238acc757f45783f13c96e137b47a3,November,6.135,0.09484,5.949,6.321
af41b4589f238acc757f45783f13c96e137b47a3,December,5.615,0.09361,5.431,5.798
af41b4589f238acc757f45783f13c96e137b47a3,January,5.587,0.09372,5.403,5.77
af41b4589f238acc757f45783f13c96e137b47a3,February,5.411,0.09436,5.226,5.596
af41b4589f238acc757f45783f13c96e137b47a3,March,5.342,0.0943,5.157,5.527
