analysis,month,estimate,se,lcl,ucl
59af1825b0de556ee96ad1362eed5a9d09240000,October,0.7695,0.4256,-0.06468,1.604
59af1825b0de556ee96ad1362eed5a9d09240000,November,0.5165,0.4395,-0.3449,1.378
59af1825b0de556ee96ad1362eed5a9d09240000,December,0.3923,0.4224,-0.4355,1.22
59af1825b0de556ee96ad1362eed5a9d09240000,January,0.08067,0.4727,-0.8459,1.007
59af1825b0de556ee96ad1362eed5a9d09240000,February,-1.441,0.7639,-2.939,0.05597
59af1825b0de556ee96ad1362eed5a9d09240000,March,-2.371,1.042,-4.412,-0.3297
