analysis,centre_winter,duration,estimate,se,lcl,ucl
59af1825b0de556ee96ad1362eed5a9d09240000,2020.5,6,-0.2159,0.1238,-0.4586,0.02686
a0302f43b0f0cc94bf259ac8a286cef53d895583,2020.5,6,-0.05771,0.09264,-0.2393,0.1239
