analysis,month,estimate,se,lcl,ucl
1a6b8b8b03cd4a52f6cccd55d692c472bd41b2c9,November,3.862,0.09571,3.675,4.05
1a6b8b8b03cd4a52f6cccd55d692c472bd41b2c9,December,5.681,0.07901,5.526,5.836
1a6b8b8b03cd4a52f6cccd55d692c472bd41b2c9,January,6.17,0.07695,6.02,6.321
1a6b8b8b03cd4a52f6cccd55d692c472bd41b2c9,February,6.094,0.07936,5.938,6.249
