analysis,month,estimate,se,lcl,ucl
2d066670cd81a65e2d85675dab6445e5527702ac,November,7.63,0.0301,7.571,7.689
2d066670cd81a65e2d85675dab6445e5527702ac,December,7.67,0.03027,7.611,7.729
2d066670cd81a65e2d85675dab6445e5527702ac,January,7.75,0.02958,7.692,7.808
2d066670cd81a65e2d85675dab6445e5527702ac,February,7.754,0.03325,7.688,7.819
