analysis,month,estimate,se,lcl,ucl
467160b58b9b006900469939c6d17bb42795cbf4,November,1.759,0.1003,1.562,1.955
467160b58b9b006900469939c6d17bb42795cbf4,December,2.01,0.09377,1.826,2.194
467160b58b9b006900469939c6d17bb42795cbf4,January,2.215,0.089,2.04,2.389
467160b58b9b006900469939c6d17bb42795cbf4,February,1.982,0.09474,1.796,2.167
