analysis,month,estimate,se,lcl,ucl
0f05f74ba832f817ab1be91c0eee6f2d99222222,October,2.432,0.09742,2.241,2.623
0f05f74ba832f817ab1be91c0eee6f2d99222222,November,2.302,0.1,2.106,2.498
0f05f74ba832f817ab1be91c0eee6f2d99222222,December,2.086,0.1034,1.883,2.288
0f05f74ba832f817ab1be91c0eee6f2d99222222,January,2.319,0.0983,2.127,2.512
0f05f74ba832f817ab1be91c0eee6f2d99222222,February,2.246,0.1008,2.048,2.443
0f05f74ba832f817ab1be91c0eee6f2d99222222,March,2.42,0.09715,2.229,2.61
