analysis,centre_winter,duration,estimate,se,lcl,ucl
6a14a244f7b930ee0a44eb843cc2c2855792836c,2018.5,10,0.23,0.1187,-0.002745,0.4627
6a14a244f7b930ee0a44eb843cc2c2855792836c,2019.5,10,0.2662,0.1057,0.05906,0.4734
6a14a244f7b930ee0a44eb843cc2c2855792836c,2019,11,0.2776,0.09761,0.0863,0.4689
8238b45237928bc2571f7a9feb2aa9e13b269a37,2018.5,10,0.1603,0.1459,-0.1257,0.4463
8238b45237928bc2571f7a9feb2aa9e13b269a37,2019.5,10,0.1009,0.1373,-0.1682,0.3701
8238b45237928bc2571f7a9feb2aa9e13b269a37,2019,11,0.1498,0.1279,-0.1008,0.4005
