analysis,month,estimate,se,lcl,ucl
bc28063aac46375448fe10d954142f10233ca2ae,October,0.4518,0.234,-0.006872,0.9104
bc28063aac46375448fe10d954142f10233ca2ae,November,0.5324,0.217,0.1071,0.9578
bc28063aac46375448fe10d954142f10233ca2ae,December,-0.6576,0.3043,-1.254,-0.06113
bc28063aac46375448fe10d954142f10233ca2ae,January,-0.1703,0.2622,-0.6841,0.3436
bc28063aac46375448fe10d954142f10233ca2ae,February,-0.167,0.2621,-0.6807,0.3466
bc28063aac46375448fe10d954142f10233ca2ae,March,1.402,0.1842,1.041,1.763
