analysis,month,estimate,se,lcl,ucl
090919da4e3883471174331eda7dfa71a23f5708,November,7.377,0.05929,7.261,7.493
090919da4e3883471174331eda7dfa71a23f5708,December,7.778,0.05753,7.665,7.891
090919da4e3883471174331eda7dfa71a23f5708,January,8.022,0.05073,7.922,8.121
090919da4e3883471174331eda7dfa71a23f5708,February,7.905,0.05473,7.798,8.013
