analysis,month,estimate,se,lcl,ucl
bbe8bb3011ca7e3f38a9d290b0a13fb2b75e8668,November,6.986,0.03458,6.918,7.054
bbe8bb3011ca7e3f38a9d290b0a13fb2b75e8668,December,6.894,0.03512,6.825,6.963
bbe8bb3011ca7e3f38a9d290b0a13fb2b75e8668,January,6.861,0.03472,6.793,6.929
bbe8bb3011ca7e3f38a9d290b0a13fb2b75e8668,February,6.784,0.03502,6.716,6.853
