analysis,month,estimate,se,lcl,ucl
cad8e0f869816431f8f909813b8f33ebec8828b8,November,8.85,0.0277,8.796,8.904
cad8e0f869816431f8f909813b8f33ebec8828b8,December,8.844,0.02637,8.792,8.896
cad8e0f869816431f8f909813b8f33ebec8828b8,January,8.856,0.02484,8.807,8.904
cad8e0f869816431f8f909813b8f33ebec8828b8,February,8.79,0.02696,8.737,8.843
