analysis,month,estimate,se,lcl,ucl
0bccc3f5f2c9f8a6df4cdcc1567a9125aeac3757,October,3.396,0.1035,3.193,3.598
0bccc3f5f2c9f8a6df4cdcc1567a9125aeac3757,November,4.061,0.09601,3.872,4.249
0bccc3f5f2c9f8a6df4cdcc1567a9125aeac3757,December,4.06,0.09265,3.878,4.241
0bccc3f5f2c9f8a6df4cdcc1567a9125aeac3757,January,4.282,0.09305,4.1,4.464
0bccc3f5f2c9f8a6df4cdcc1567a9125aeac3757,February,4.832,0.09056,4.654,5.009
0bccc3f5f2c9f8a6df4cdcc1567a9125aeac3757,March,5.236,0.09144,5.057,5.416
