analysis,month,estimate,se,lcl,ucl
4642d5157ff2d6213a2782cbccc0dc2280fe45b6,November,4.586,0.06639,4.456,4.716
4642d5157ff2d6213a2782cbccc0dc2280fe45b6,December,4.554,0.06978,4.418,4.691
4642d5157ff2d6213a2782cbccc0dc2280fe45b6,January,4.759,0.05622,4.649,4.869
4642d5157ff2d6213a2782cbccc0dc2280fe45b6,February,4.581,0.06339,4.457,4.705
