analysis,month,estimate,se,lcl,ucl
ede8a4170f509b4180a581d70056b757c05b5998,November,6.955,0.05228,6.852,7.057
ede8a4170f509b4180a581d70056b757c05b5998,December,6.802,0.05101,6.702,6.902
ede8a4170f509b4180a581d70056b757c05b5998,January,6.814,0.04807,6.72,6.908
ede8a4170f509b4180a581d70056b757c05b5998,February,6.767,0.05201,6.665,6.869
