analysis,month,estimate,se,lcl,ucl
110b4f0860cf9349e70099ac67a9d3d8d4ac25dc,November,6.519,0.08277,6.357,6.681
110b4f0860cf9349e70099ac67a9d3d8d4ac25dc,December,6.385,0.08467,6.219,6.551
110b4f0860cf9349e70099ac67a9d3d8d4ac25dc,January,6.413,0.07394,6.268,6.558
110b4f0860cf9349e70099ac67a9d3d8d4ac25dc,February,6.253,0.08251,6.091,6.414
