analysis,month,estimate,se,lcl,ucl
dff7680384c47a34f08aa9d703707eded93d9c40,November,7.217,0.05171,7.115,7.318
dff7680384c47a34f08aa9d703707eded93d9c40,December,7.363,0.05044,7.264,7.462
dff7680384c47a34f08aa9d703707eded93d9c40,January,7.301,0.04802,7.207,7.395
dff7680384c47a34f08aa9d703707eded93d9c40,February,7.074,0.05414,6.968,7.18
