analysis,month,estimate,se,lcl,ucl
f7dffc488b1827bf08f7fd589a3c5102e390a969,October,-0.3731,0.3522,-1.063,0.3173
f7dffc488b1827bf08f7fd589a3c5102e390a969,November,-0.8192,0.4123,-1.627,-0.01097
f7dffc488b1827bf08f7fd589a3c5102e390a969,December,-30.08,16.71,-62.83,2.665
f7dffc488b1827bf08f7fd589a3c5102e390a969,January,-30.08,16.71,-62.83,2.665
f7dffc488b1827bf08f7fd589a3c5102e390a969,February,-3.091,1.028,-5.105,-1.077
f7dffc488b1827bf08f7fd589a3c5102e390a969,March,-0.8204,0.4129,-1.63,-0.01115
