analysis,month,estimate,se,lcl,ucl
681573b8d191397e7b03ef14e801e687728dd6e4,October,3.319,0.09753,3.128,3.51
681573b8d191397e7b03ef14e801e687728dd6e4,November,3.12,0.1017,2.921,3.32
681573b8d191397e7b03ef14e801e687728dd6e4,December,3.128,0.1014,2.929,3.327
681573b8d191397e7b03ef14e801e687728dd6e4,January,3.091,0.1023,2.891,3.291
681573b8d191397e7b03ef14e801e687728dd6e4,February,3.475,0.09526,3.288,3.661
681573b8d191397e7b03ef14e801e687728dd6e4,March,3.631,0.09119,3.452,3.81
