analysis,month,estimate,se,lcl,ucl
7ce3ce4534b3fffc2fe19021f843229207e7940f,November,2.964,0.09068,2.787,3.142
7ce3ce4534b3fffc2fe19021f843229207e7940f,December,2.148,0.1031,1.946,2.35
7ce3ce4534b3fffc2fe19021f843229207e7940f,January,2.286,0.1023,2.085,2.486
7ce3ce4534b3fffc2fe19021f843229207e7940f,February,2.492,0.09614,2.304,2.681
