analysis,month,estimate,se,lcl,ucl
d5648cb9ae3e8ee50dcc9afa923bfa8db92e8482,October,2.947,0.07911,2.792,3.102
d5648cb9ae3e8ee50dcc9afa923bfa8db92e8482,November,2.995,0.07769,2.843,3.147
d5648cb9ae3e8ee50dcc9afa923bfa8db92e8482,December,2.841,0.08003,2.684,2.998
d5648cb9ae3e8ee50dcc9afa923bfa8db92e8482,January,2.577,0.0854,2.41,2.744
d5648cb9ae3e8ee50dcc9afa923bfa8db92e8482,February,2.601,0.08498,2.435,2.768
d5648cb9ae3e8ee50dcc9afa923bfa8db92e8482,March,2.705,0.09091,2.527,2.883
