analysis,month,estimate,se,lcl,ucl
ddfc430a2e4e96ac4101964e729f7da621e7fece,November,3.798,0.0884,3.625,3.972
ddfc430a2e4e96ac4101964e729f7da621e7fece,December,3.73,0.08798,3.558,3.903
ddfc430a2e4e96ac4101964e729f7da621e7fece,January,3.578,0.08841,3.404,3.751
ddfc430a2e4e96ac4101964e729f7da621e7fece,February,3.611,0.09076,3.433,3.789
