analysis,month,estimate,se,lcl,ucl
3b822aa88e289cea59afaacb88323fb0f74fae13,November,9.736,0.0312,9.675,9.797
3b822aa88e289cea59afaacb88323fb0f74fae13,December,10.02,0.03123,9.963,10.09
3b822aa88e289cea59afaacb88323fb0f74fae13,January,9.983,0.03124,9.922,10.04
3b822aa88e289cea59afaacb88323fb0f74fae13,February,9.806,0.03135,9.745,9.868
