analysis,centre_winter,duration,estimate,se,lcl,ucl
2d93e680a492548022adc1fbd1a782fa49efa6ee,2020,9,0.1067,0.09858,-0.08655,0.2999
6c614c6b0bb067925848c55ca9f2b996db8cf85a,2020,9,0.03348,0.09158,-0.146,0.213
