analysis,month,estimate,se,lcl,ucl
19564f1448fe546f4e23ed5202de8359312b6082,October,6.599,0.09977,6.403,6.795
19564f1448fe546f4e23ed5202de8359312b6082,November,7.149,0.09468,6.964,7.335
19564f1448fe546f4e23ed5202de8359312b6082,December,7.024,0.09833,6.831,7.216
19564f1448fe546f4e23ed5202de8359312b6082,January,6.893,0.102,6.693,7.093
19564f1448fe546f4e23ed5202de8359312b6082,February,6.763,0.1103,6.547,6.98
19564f1448fe546f4e23ed5202de8359312b6082,March,6.709,0.1112,6.491,6.927
