analysis,month,estimate,se,lcl,ucl
5f1eed0c338df5dac26a5e70dd62b185a10a1875,October,7.092,0.06892,6.957,7.227
5f1eed0c338df5dac26a5e70dd62b185a10a1875,November,7.631,0.06741,7.499,7.763
5f1eed0c338df5dac26a5e70dd62b185a10a1875,December,7.953,0.06837,7.819,8.087
5f1eed0c338df5dac26a5e70dd62b185a10a1875,January,8.112,0.06794,7.979,8.246
5f1eed0c338df5dac26a5e70dd62b185a10a1875,February,7.89,0.06753,7.757,8.022
5f1eed0c338df5dac26a5e70dd62b185a10a1875,March,7.296,0.068,7.163,7.429
