analysis,month,estimate,se,lcl,ucl
dbf01e56274f72a0e111c7de807bdf2212166604,November,0.3428,0.2161,-0.08068,0.7662
dbf01e56274f72a0e111c7de807bdf2212166604,December,0.2786,0.2229,-0.1583,0.7156
dbf01e56274f72a0e111c7de807bdf2212166604,January,0.3098,0.2116,-0.1048,0.7245
dbf01e56274f72a0e111c7de807bdf2212166604,February,-0.06499,0.2549,-0.5647,0.4347
