analysis,month,estimate,se,lcl,ucl
8097889f05ce73f47547a0e0295aea8ee55b061e,November,3.617,0.08812,3.444,3.789
8097889f05ce73f47547a0e0295aea8ee55b061e,December,3.305,0.09119,3.126,3.484
8097889f05ce73f47547a0e0295aea8ee55b061e,January,3.108,0.09172,2.928,3.288
8097889f05ce73f47547a0e0295aea8ee55b061e,February,2.897,0.096,2.709,3.086
