analysis,month,estimate,se,lcl,ucl
f63591ac773749481183195bee49f624532eaafc,October,3.269,0.06086,3.15,3.389
f63591ac773749481183195bee49f624532eaafc,November,3.055,0.06328,2.931,3.179
f63591ac773749481183195bee49f624532eaafc,December,2.787,0.06709,2.656,2.919
f63591ac773749481183195bee49f624532eaafc,January,2.725,0.06753,2.592,2.857
f63591ac773749481183195bee49f624532eaafc,February,2.485,0.07281,2.342,2.627
f63591ac773749481183195bee49f624532eaafc,March,2.43,0.07334,2.286,2.574
