analysis,month,estimate,se,lcl,ucl
7a8ec6df3bf2b6f444c404a036953c1d9efb791c,November,0.6065,0.3451,-0.06994,1.283
7a8ec6df3bf2b6f444c404a036953c1d9efb791c,December,-0.8828,0.4171,-1.7,-0.06519
7a8ec6df3bf2b6f444c404a036953c1d9efb791c,January,-0.538,0.4019,-1.326,0.2498
7a8ec6df3bf2b6f444c404a036953c1d9efb791c,February,-1.852,0.5418,-2.914,-0.7898
