analysis,month,estimate,se,lcl,ucl
002b8496e9fbfefb4835576a956bcc0e4c8c3dc5,November,-1.046,0.5242,-2.073,-0.01837
002b8496e9fbfefb4835576a956bcc0e4c8c3dc5,December,1.056,0.4508,0.1724,1.939
002b8496e9fbfefb4835576a956bcc0e4c8c3dc5,January,2.937,0.4975,1.962,3.912
002b8496e9fbfefb4835576a956bcc0e4c8c3dc5,February,0.7861,0.4005,0.001158,1.571
