analysis,month,estimate,se,lcl,ucl
1b655eb925637030472ee6a0be60c9f742089494,November,9.185,0.07399,9.04,9.33
1b655eb925637030472ee6a0be60c9f742089494,December,10.32,0.07213,10.18,10.46
1b655eb925637030472ee6a0be60c9f742089494,January,10.72,0.0723,10.58,10.86
1b655eb925637030472ee6a0be60c9f742089494,February,10.35,0.07261,10.21,10.49
