analysis,centre_winter,duration,estimate,se,lcl,ucl
a842a68deb961d32d0d7d494d6619039b88f81e3,2012.5,10,0.1346,0.1101,-0.08109,0.3503
a842a68deb961d32d0d7d494d6619039b88f81e3,2013.5,10,0.1212,0.1142,-0.1026,0.345
a842a68deb961d32d0d7d494d6619039b88f81e3,2013,11,0.1034,0.09847,-0.08962,0.2964
e512ce07f77b6bd291bd192b29b60ed75b7c99ce,2012.5,10,0.05511,0.0854,-0.1123,0.2225
e512ce07f77b6bd291bd192b29b60ed75b7c99ce,2013.5,10,0.04857,0.09035,-0.1285,0.2257
e512ce07f77b6bd291bd192b29b60ed75b7c99ce,2013,11,0.03576,0.07915,-0.1194,0.1909
