analysis,month,estimate,se,lcl,ucl
c02569cd5b0d18d4112fd2b38c1b0b22302d6b26,October,5.013,0.1119,4.794,5.233
c02569cd5b0d18d4112fd2b38c1b0b22302d6b26,November,5.445,0.09484,5.259,5.631
c02569cd5b0d18d4112fd2b38c1b0b22302d6b26,December,5.896,0.09297,5.714,6.078
c02569cd5b0d18d4112fd2b38c1b0b22302d6b26,January,5.952,0.0923,5.771,6.133
c02569cd5b0d18d4112fd2b38c1b0b22302d6b26,February,5.555,0.09546,5.368,5.743
c02569cd5b0d18d4112fd2b38c1b0b22302d6b26,March,5.039,0.1079,4.828,5.251
