analysis,month,estimate,se,lcl,ucl
77c0ad5001ee99c8c4940619311f73c7561f905c,November,6.079,0.07508,5.931,6.226
77c0ad5001ee99c8c4940619311f73c7561f905c,December,6.181,0.07357,6.037,6.325
77c0ad5001ee99c8c4940619311f73c7561f905c,January,6.064,0.06683,5.933,6.195
77c0ad5001ee99c8c4940619311f73c7561f905c,February,5.95,0.07298,5.807,6.093
