analysis,month,estimate,se,lcl,ucl
cb19ef5e4d9ec14c19964b86772d1cbedbb76368,November,6.828,0.01935,6.79,6.866
cb19ef5e4d9ec14c19964b86772d1cbedbb76368,December,6.812,0.01946,6.774,6.85
cb19ef5e4d9ec14c19964b86772d1cbedbb76368,January,6.866,0.01819,6.83,6.902
cb19ef5e4d9ec14c19964b86772d1cbedbb76368,February,6.716,0.01955,6.677,6.754
