analysis,month,estimate,se,lcl,ucl
83eead46d72ac235c29c159d546a9376553d2958,October,6.282,0.07621,6.133,6.431
83eead46d72ac235c29c159d546a9376553d2958,November,6.055,0.07575,5.906,6.203
83eead46d72ac235c29c159d546a9376553d2958,December,5.767,0.07626,5.618,5.917
83eead46d72ac235c29c159d546a9376553d2958,January,5.389,0.07706,5.238,5.54
83eead46d72ac235c29c159d546a9376553d2958,February,5.384,0.07714,5.233,5.535
83eead46d72ac235c29c159d546a9376553d2958,March,5.65,0.07653,5.5,5.8
