analysis,month,estimate,se,lcl,ucl
367b82c5e1c14c9db277d8f134d9c58650e8a15d,November,0.9502,0.2007,0.5569,1.344
367b82c5e1c14c9db277d8f134d9c58650e8a15d,December,0.7041,0.2159,0.281,1.127
367b82c5e1c14c9db277d8f134d9c58650e8a15d,January,0.3953,0.2327,-0.06084,0.8514
367b82c5e1c14c9db277d8f134d9c58650e8a15d,February,0.4432,0.234,-0.01533,0.9018
