analysis,month,estimate,se,lcl,ucl
e066d5a5e2e807b57d4cad7a765ed7a3ac041ad5,October,-0.3092,0.2682,-0.8348,0.2164
e066d5a5e2e807b57d4cad7a765ed7a3ac041ad5,November,-0.08327,0.2653,-0.6033,0.4368
e066d5a5e2e807b57d4cad7a765ed7a3ac041ad5,December,-0.07901,0.2597,-0.588,0.43
e066d5a5e2e807b57d4cad7a765ed7a3ac041ad5,January,0.3269,0.2304,-0.1246,0.7784
e066d5a5e2e807b57d4cad7a765ed7a3ac041ad5,February,-0.5849,0.2912,-1.156,-0.01409
e066d5a5e2e807b57d4cad7a765ed7a3ac041ad5,March,-0.4459,0.2849,-1.004,0.1124
