analysis,month,estimate,se,lcl,ucl
80cf5483f7741f77e716faed0282ac1c8a083d0b,October,-0.1797,0.2358,-0.6418,0.2823
80cf5483f7741f77e716faed0282ac1c8a083d0b,November,-0.3843,0.2553,-0.8847,0.116
80cf5483f7741f77e716faed0282ac1c8a083d0b,December,-0.4485,0.255,-0.9483,0.05125
80cf5483f7741f77e716faed0282ac1c8a083d0b,January,0.1082,0.2213,-0.3255,0.5419
80cf5483f7741f77e716faed0282ac1c8a083d0b,February,0.1193,0.2202,-0.3122,0.5508
80cf5483f7741f77e716faed0282ac1c8a083d0b,March,0.4291,0.2028,0.03165,0.8266
