analysis,month,estimate,se,lcl,ucl
f41e6597e66715141294a37251d28d6c3dfabd20,November,9.619,0.02897,9.562,9.675
f41e6597e66715141294a37251d28d6c3dfabd20,December,9.753,0.02991,9.694,9.811
f41e6597e66715141294a37251d28d6c3dfabd20,January,9.753,0.02757,9.699,9.807
f41e6597e66715141294a37251d28d6c3dfabd20,February,9.369,0.0295,9.311,9.426
