analysis,month,estimate,se,lcl,ucl
5457b0c596cd14adc76b46ee16321455c31d4707,October,5.771,0.03939,5.694,5.849
5457b0c596cd14adc76b46ee16321455c31d4707,November,5.765,0.03868,5.689,5.841
5457b0c596cd14adc76b46ee16321455c31d4707,December,5.727,0.03908,5.651,5.804
5457b0c596cd14adc76b46ee16321455c31d4707,January,5.672,0.03909,5.596,5.749
5457b0c596cd14adc76b46ee16321455c31d4707,February,5.585,0.03887,5.508,5.661
5457b0c596cd14adc76b46ee16321455c31d4707,March,5.575,0.04019,5.497,5.654
