analysis,month,estimate,se,lcl,ucl
e30d37aba93b311505384a3e40c8ebf98ec71ace,October,0.5608,0.2057,0.1575,0.964
e30d37aba93b311505384a3e40c8ebf98ec71ace,November,0.2269,0.2065,-0.1779,0.6317
e30d37aba93b311505384a3e40c8ebf98ec71ace,December,0.05193,0.2237,-0.3865,0.4904
e30d37aba93b311505384a3e40c8ebf98ec71ace,January,-0.1239,0.2328,-0.5802,0.3323
e30d37aba93b311505384a3e40c8ebf98ec71ace,February,0.05175,0.2264,-0.3921,0.4956
e30d37aba93b311505384a3e40c8ebf98ec71ace,March,-0.1534,0.261,-0.6649,0.358
