analysis,month,estimate,se,lcl,ucl
6bdaa62dc48466651690fea6f2bb9628cd356d55,November,9.664,0.05066,9.565,9.763
6bdaa62dc48466651690fea6f2bb9628cd356d55,December,10.43,0.05054,10.33,10.53
6bdaa62dc48466651690fea6f2bb9628cd356d55,January,10.73,0.05023,10.63,10.83
6bdaa62dc48466651690fea6f2bb9628cd356d55,February,10.4,0.05021,10.3,10.5
