analysis,month,estimate,se,lcl,ucl
1b152c6784d18f19d209efe2ec6dca9d7685ce96,October,-0.8836,0.3937,-1.655,-0.1121
1b152c6784d18f19d209efe2ec6dca9d7685ce96,November,-0.779,0.3904,-1.544,-0.01388
1b152c6784d18f19d209efe2ec6dca9d7685ce96,December,-0.8551,0.386,-1.612,-0.09851
1b152c6784d18f19d209efe2ec6dca9d7685ce96,January,-0.2666,0.4053,-1.061,0.5277
1b152c6784d18f19d209efe2ec6dca9d7685ce96,February,-1.494,0.439,-2.354,-0.6338
1b152c6784d18f19d209efe2ec6dca9d7685ce96,March,1.271,0.3084,0.6664,1.875
