analysis,month,estimate,se,lcl,ucl
1c1ad0503eefef880f227feb77cb579dcf2e07bd,November,6.444,0.0379,6.37,6.519
1c1ad0503eefef880f227feb77cb579dcf2e07bd,December,6.352,0.03823,6.277,6.427
1c1ad0503eefef880f227feb77cb579dcf2e07bd,January,6.333,0.03549,6.263,6.403
1c1ad0503eefef880f227feb77cb579dcf2e07bd,February,6.343,0.03872,6.268,6.419
