analysis,month,estimate,se,lcl,ucl
ee40041a6fb1f62b92a7e6eb460e3d142837c21b,October,5.357,0.09507,5.171,5.543
ee40041a6fb1f62b92a7e6eb460e3d142837c21b,November,4.718,0.09976,4.522,4.913
ee40041a6fb1f62b92a7e6eb460e3d142837c21b,December,3.994,0.1007,3.796,4.191
ee40041a6fb1f62b92a7e6eb460e3d142837c21b,January,3.941,0.1045,3.736,4.146
ee40041a6fb1f62b92a7e6eb460e3d142837c21b,February,4.028,0.1024,3.828,4.229
ee40041a6fb1f62b92a7e6eb460e3d142837c21b,March,5.108,0.1044,4.903,5.313
