analysis,month,estimate,se,lcl,ucl
8093600c9e7296e14ad9104cf3ccf74438a9f3be,November,4.834,0.05131,4.733,4.935
8093600c9e7296e14ad9104cf3ccf74438a9f3be,December,4.591,0.05126,4.491,4.692
8093600c9e7296e14ad9104cf3ccf74438a9f3be,January,4.638,0.04869,4.543,4.734
8093600c9e7296e14ad9104cf3ccf74438a9f3be,February,4.593,0.04935,4.496,4.69
