analysis,month,estimate,se,lcl,ucl
dc776859d7f536866586e4a6b51abc38a9b605fe,November,0.1611,0.2068,-0.2443,0.5665
dc776859d7f536866586e4a6b51abc38a9b605fe,December,0.05789,0.2079,-0.3495,0.4653
dc776859d7f536866586e4a6b51abc38a9b605fe,January,0.2873,0.1739,-0.05349,0.6281
dc776859d7f536866586e4a6b51abc38a9b605fe,February,0.02797,0.2148,-0.393,0.4489
