analysis,month,estimate,se,lcl,ucl
226f4dd463e69d83996e42bb07e4d42028f00d6a,October,7.036,0.06724,6.904,7.167
226f4dd463e69d83996e42bb07e4d42028f00d6a,November,6.958,0.05959,6.841,7.074
226f4dd463e69d83996e42bb07e4d42028f00d6a,December,6.812,0.05788,6.699,6.926
226f4dd463e69d83996e42bb07e4d42028f00d6a,January,6.823,0.05389,6.718,6.929
226f4dd463e69d83996e42bb07e4d42028f00d6a,February,6.772,0.0566,6.661,6.883
226f4dd463e69d83996e42bb07e4d42028f00d6a,March,6.838,0.07105,6.699,6.977
