analysis,month,estimate,se,lcl,ucl
f19b900e2c1a467c948e6b7a2a2b4a999ac3ad35,October,5.409,0.07552,5.261,5.557
f19b900e2c1a467c948e6b7a2a2b4a999ac3ad35,November,5.289,0.08734,5.118,5.46
f19b900e2c1a467c948e6b7a2a2b4a999ac3ad35,December,5.226,0.07408,5.081,5.371
f19b900e2c1a467c948e6b7a2a2b4a999ac3ad35,January,5.065,0.07294,4.922,5.208
f19b900e2c1a467c948e6b7a2a2b4a999ac3ad35,February,5.043,0.07919,4.888,5.198
f19b900e2c1a467c948e6b7a2a2b4a999ac3ad35,March,4.554,0.08306,4.391,4.717
