analysis,month,estimate,se,lcl,ucl
2ae9faf9a5e21eea01aae2659d922ef492525c00,November,8.805,0.06471,8.678,8.932
2ae9faf9a5e21eea01aae2659d922ef492525c00,December,8.771,0.05538,8.663,8.88
2ae9faf9a5e21eea01aae2659d922ef492525c00,January,8.745,0.05543,8.636,8.854
2ae9faf9a5e21eea01aae2659d922ef492525c00,February,8.437,0.05581,8.328,8.547
