analysis,month,estimate,se,lcl,ucl
a5dbd0ed91828704b805e30164b79932b5aed166,November,7.726,0.0711,7.586,7.865
a5dbd0ed91828704b805e30164b79932b5aed166,December,8.141,0.07176,8,8.282
a5dbd0ed91828704b805e30164b79932b5aed166,January,8.43,0.07158,8.289,8.57
a5dbd0ed91828704b805e30164b79932b5aed166,February,8.364,0.07165,8.223,8.504
