analysis,month,estimate,se,lcl,ucl
f2610f912379dc10b1f5892278c1029495e1d4d2,November,9.124,0.04872,9.029,9.22
f2610f912379dc10b1f5892278c1029495e1d4d2,December,9.134,0.04911,9.038,9.231
f2610f912379dc10b1f5892278c1029495e1d4d2,January,9.503,0.04608,9.413,9.593
f2610f912379dc10b1f5892278c1029495e1d4d2,February,9.195,0.05078,9.095,9.294
