analysis,month,estimate,se,lcl,ucl
7d5fcb447d10ae7f966d6b68f28d543bd0fc542b,November,9.286,0.02401,9.239,9.333
7d5fcb447d10ae7f966d6b68f28d543bd0fc542b,December,9.528,0.02434,9.48,9.576
7d5fcb447d10ae7f966d6b68f28d543bd0fc542b,January,9.605,0.02385,9.558,9.652
7d5fcb447d10ae7f966d6b68f28d543bd0fc542b,February,9.498,0.0243,9.451,9.546
