analysis,month,estimate,se,lcl,ucl
5b67ddeb21142e6fc9634fa41cf893ed3edce5d4,October,5.475,0.09267,5.293,5.656
5b67ddeb21142e6fc9634fa41cf893ed3edce5d4,November,5.833,0.08893,5.659,6.008
5b67ddeb21142e6fc9634fa41cf893ed3edce5d4,December,6.101,0.09249,5.92,6.283
5b67ddeb21142e6fc9634fa41cf893ed3edce5d4,January,6.116,0.08928,5.941,6.291
5b67ddeb21142e6fc9634fa41cf893ed3edce5d4,February,6.52,0.08878,6.346,6.694
5b67ddeb21142e6fc9634fa41cf893ed3edce5d4,March,6.594,0.08961,6.419,6.77
