analysis,month,estimate,se,lcl,ucl
9800efb04a5d986be9add14b7d62a4e33c492182,November,5.575,0.1035,5.372,5.778
9800efb04a5d986be9add14b7d62a4e33c492182,December,5.42,0.09831,5.228,5.613
9800efb04a5d986be9add14b7d62a4e33c492182,January,5.566,0.09702,5.376,5.756
9800efb04a5d986be9add14b7d62a4e33c492182,February,5.567,0.1021,5.367,5.767
