analysis,month,estimate,se,lcl,ucl
9e1c461d82a4d52b8551222d66e5755e6eb532d4,November,9.036,0.0741,8.891,9.181
9e1c461d82a4d52b8551222d66e5755e6eb532d4,December,10.2,0.0723,10.05,10.34
9e1c461d82a4d52b8551222d66e5755e6eb532d4,January,10.59,0.07227,10.45,10.73
9e1c461d82a4d52b8551222d66e5755e6eb532d4,February,10.2,0.07235,10.06,10.34
