analysis,month,estimate,se,lcl,ucl
5a791fa74eaa0566eb25e02ebc39156eb8de4972,October,6.882,0.02407,6.835,6.929
5a791fa74eaa0566eb25e02ebc39156eb8de4972,November,6.928,0.02288,6.883,6.973
5a791fa74eaa0566eb25e02ebc39156eb8de4972,December,6.897,0.02292,6.852,6.942
5a791fa74eaa0566eb25e02ebc39156eb8de4972,January,6.868,0.02279,6.824,6.913
5a791fa74eaa0566eb25e02ebc39156eb8de4972,February,6.826,0.0234,6.78,6.872
5a791fa74eaa0566eb25e02ebc39156eb8de4972,March,6.715,0.02502,6.666,6.764
