analysis,month,estimate,se,lcl,ucl
207e916296ff3b57761181d8bfc5f9ad53120964,November,1.431,0.1127,1.21,1.652
207e916296ff3b57761181d8bfc5f9ad53120964,December,1.862,0.09498,1.676,2.048
207e916296ff3b57761181d8bfc5f9ad53120964,January,2.05,0.08916,1.875,2.225
207e916296ff3b57761181d8bfc5f9ad53120964,February,2.124,0.08717,1.954,2.295
207e916296ff3b57761181d8bfc5f9ad53120964,March,1.537,0.1129,1.315,1.758
