analysis,month,estimate,se,lcl,ucl
04a6f2b0349b1dc602b58fa74999d33840ceeb36,November,5.883,0.06669,5.752,6.013
04a6f2b0349b1dc602b58fa74999d33840ceeb36,December,5.829,0.07099,5.69,5.968
04a6f2b0349b1dc602b58fa74999d33840ceeb36,January,5.853,0.06493,5.726,5.981
04a6f2b0349b1dc602b58fa74999d33840ceeb36,February,5.758,0.07459,5.611,5.904
