analysis,month,estimate,se,lcl,ucl
3a5dfd551aea7ed7c938ef317e286895ff219092,October,8.329,0.04189,8.247,8.411
3a5dfd551aea7ed7c938ef317e286895ff219092,November,8.512,0.04025,8.433,8.591
3a5dfd551aea7ed7c938ef317e286895ff219092,December,8.684,0.04085,8.604,8.764
3a5dfd551aea7ed7c938ef317e286895ff219092,January,8.657,0.03922,8.581,8.734
3a5dfd551aea7ed7c938ef317e286895ff219092,February,8.353,0.04053,8.273,8.432
3a5dfd551aea7ed7c938ef317e286895ff219092,March,7.608,0.03937,7.531,7.685
