analysis,month,estimate,se,lcl,ucl
63d4a39443a8a94be12d6dad7f1d5da3f96e211c,October,0.4392,0.1919,0.06303,0.8154
63d4a39443a8a94be12d6dad7f1d5da3f96e211c,November,0.3112,0.1983,-0.07754,0.7
63d4a39443a8a94be12d6dad7f1d5da3f96e211c,December,0.35,0.1973,-0.03667,0.7367
63d4a39443a8a94be12d6dad7f1d5da3f96e211c,January,0.1795,0.2086,-0.2294,0.5883
63d4a39443a8a94be12d6dad7f1d5da3f96e211c,February,-0.1047,0.2296,-0.5546,0.3452
63d4a39443a8a94be12d6dad7f1d5da3f96e211c,March,0.01816,0.2187,-0.4104,0.4467
