analysis,month,estimate,se,lcl,ucl
57cf0d5a781b3fd01a369618e9dbd86f8fcf5555,October,4.419,0.06321,4.295,4.542
57cf0d5a781b3fd01a369618e9dbd86f8fcf5555,November,4.337,0.06231,4.215,4.459
57cf0d5a781b3fd01a369618e9dbd86f8fcf5555,December,4.134,0.06262,4.011,4.257
57cf0d5a781b3fd01a369618e9dbd86f8fcf5555,January,4.158,0.05907,4.042,4.273
57cf0d5a781b3fd01a369618e9dbd86f8fcf5555,February,4.201,0.05891,4.086,4.316
57cf0d5a781b3fd01a369618e9dbd86f8fcf5555,March,3.896,0.06217,3.774,4.018
