analysis,month,estimate,se,lcl,ucl
ed9bc85e34ebddbb2852c18ab88fb4d96ed2caf8,November,3.387,0.08227,3.226,3.549
ed9bc85e34ebddbb2852c18ab88fb4d96ed2caf8,December,3.146,0.08487,2.98,3.313
ed9bc85e34ebddbb2852c18ab88fb4d96ed2caf8,January,3.292,0.079,3.137,3.447
ed9bc85e34ebddbb2852c18ab88fb4d96ed2caf8,February,3.2,0.08721,3.029,3.371
