analysis,month,estimate,se,lcl,ucl
cc46e49200132e1056c98b47de3684bf1e1ad66e,October,6.402,0.07382,6.257,6.546
cc46e49200132e1056c98b47de3684bf1e1ad66e,November,6.742,0.07174,6.601,6.882
cc46e49200132e1056c98b47de3684bf1e1ad66e,December,7.025,0.06621,6.896,7.155
cc46e49200132e1056c98b47de3684bf1e1ad66e,January,7.192,0.06682,7.061,7.323
cc46e49200132e1056c98b47de3684bf1e1ad66e,February,7.296,0.06733,7.164,7.428
cc46e49200132e1056c98b47de3684bf1e1ad66e,March,7.048,0.07103,6.909,7.187
