analysis,month,estimate,se,lcl,ucl
f9bba81581fc4c4b502dbc017baed370bcffbfdc,November,7.088,0.09273,6.907,7.27
f9bba81581fc4c4b502dbc017baed370bcffbfdc,December,6.935,0.09776,6.744,7.127
f9bba81581fc4c4b502dbc017baed370bcffbfdc,January,6.798,0.09606,6.61,6.986
f9bba81581fc4c4b502dbc017baed370bcffbfdc,February,6.65,0.1009,6.452,6.848
