analysis,month,estimate,se,lcl,ucl
48339b5bf4f2a21a44f4b929c8909f565a680dfe,November,5.769,0.04006,5.691,5.848
48339b5bf4f2a21a44f4b929c8909f565a680dfe,December,5.815,0.03943,5.737,5.892
48339b5bf4f2a21a44f4b929c8909f565a680dfe,January,5.732,0.03897,5.656,5.809
48339b5bf4f2a21a44f4b929c8909f565a680dfe,February,5.714,0.03994,5.636,5.792
