analysis,month,estimate,se,lcl,ucl
4b4d877307c75d208cbecae41df697c1f394b852,November,9.897,0.0471,9.805,9.99
4b4d877307c75d208cbecae41df697c1f394b852,December,10.65,0.04686,10.56,10.74
4b4d877307c75d208cbecae41df697c1f394b852,January,10.95,0.04671,10.86,11.04
4b4d877307c75d208cbecae41df697c1f394b852,February,10.67,0.04687,10.58,10.76
