analysis,month,estimate,se,lcl,ucl
c57f2dbf4410963472ebe435c0b2c76a08e66d6b,November,-0.4036,0.1992,-0.794,-0.01309
c57f2dbf4410963472ebe435c0b2c76a08e66d6b,December,0.335,0.1645,0.01267,0.6573
c57f2dbf4410963472ebe435c0b2c76a08e66d6b,January,0.737,0.151,0.4411,1.033
c57f2dbf4410963472ebe435c0b2c76a08e66d6b,February,0.8658,0.1459,0.5798,1.152
c57f2dbf4410963472ebe435c0b2c76a08e66d6b,March,0.4619,0.1582,0.1519,0.7719
