analysis,month,estimate,se,lcl,ucl
9d187b4289096c1a6cecc50dcc29123bdfed4772,November,5.652,0.03696,5.579,5.724
9d187b4289096c1a6cecc50dcc29123bdfed4772,December,5.614,0.03839,5.539,5.689
9d187b4289096c1a6cecc50dcc29123bdfed4772,January,5.781,0.03042,5.721,5.84
9d187b4289096c1a6cecc50dcc29123bdfed4772,February,5.524,0.03714,5.451,5.597
