analysis,month,estimate,se,lcl,ucl
9eafbbdbd886eaaf11c140b1970311b4b0f25f4e,October,2.524,0.08737,2.353,2.695
9eafbbdbd886eaaf11c140b1970311b4b0f25f4e,November,2.597,0.08335,2.434,2.761
9eafbbdbd886eaaf11c140b1970311b4b0f25f4e,December,2.468,0.08941,2.293,2.643
9eafbbdbd886eaaf11c140b1970311b4b0f25f4e,January,2.515,0.08341,2.351,2.678
9eafbbdbd886eaaf11c140b1970311b4b0f25f4e,February,2.545,0.08395,2.381,2.71
9eafbbdbd886eaaf11c140b1970311b4b0f25f4e,March,2.416,0.08853,2.243,2.59
