analysis,month,estimate,se,lcl,ucl
958c32ef3fb2ac3d3de28930d36ac88be2e32c64,October,-0.7174,0.4045,-1.51,0.07529
958c32ef3fb2ac3d3de28930d36ac88be2e32c64,November,0.3427,0.3753,-0.3928,1.078
958c32ef3fb2ac3d3de28930d36ac88be2e32c64,December,-0.8112,0.418,-1.63,0.007966
958c32ef3fb2ac3d3de28930d36ac88be2e32c64,January,-1.584,0.5198,-2.603,-0.5653
958c32ef3fb2ac3d3de28930d36ac88be2e32c64,February,-1.538,0.4968,-2.512,-0.5643
958c32ef3fb2ac3d3de28930d36ac88be2e32c64,March,-0.797,0.4165,-1.613,0.0193
