analysis,month,estimate,se,lcl,ucl
5e4fae15cfc07bc844a5c7fad52851655e969fad,November,4.308,0.05539,4.199,4.416
5e4fae15cfc07bc844a5c7fad52851655e969fad,December,4.13,0.05661,4.019,4.241
5e4fae15cfc07bc844a5c7fad52851655e969fad,January,3.903,0.05671,3.792,4.015
5e4fae15cfc07bc844a5c7fad52851655e969fad,February,3.8,0.05751,3.687,3.912
