analysis,month,estimate,se,lcl,ucl
10f6db41a8292f52e567d336653d9a71af506265,November,5.18,0.04641,5.089,5.271
10f6db41a8292f52e567d336653d9a71af506265,December,4.98,0.0478,4.886,5.074
10f6db41a8292f52e567d336653d9a71af506265,January,5.184,0.04383,5.098,5.27
10f6db41a8292f52e567d336653d9a71af506265,February,5.19,0.04818,5.095,5.284
