analysis,month,estimate,se,lcl,ucl
f3a4d3abb04d8bcc18cde21a7a656bcfce5ad6df,November,6.011,0.03283,5.947,6.075
f3a4d3abb04d8bcc18cde21a7a656bcfce5ad6df,December,5.908,0.03267,5.844,5.972
f3a4d3abb04d8bcc18cde21a7a656bcfce5ad6df,January,6.111,0.02994,6.052,6.169
f3a4d3abb04d8bcc18cde21a7a656bcfce5ad6df,February,6.018,0.03348,5.953,6.084
