analysis,month,estimate,se,lcl,ucl
071f9487b9128a5d04b3d72c0d6f63f54653b3c1,October,0.05774,0.4769,-0.8769,0.9924
071f9487b9128a5d04b3d72c0d6f63f54653b3c1,November,0.7528,0.4442,-0.1177,1.623
071f9487b9128a5d04b3d72c0d6f63f54653b3c1,December,0.2781,0.4938,-0.6897,1.246
071f9487b9128a5d04b3d72c0d6f63f54653b3c1,January,0.7855,0.4756,-0.1467,1.718
071f9487b9128a5d04b3d72c0d6f63f54653b3c1,February,-1.103,0.5541,-2.189,-0.01671
071f9487b9128a5d04b3d72c0d6f63f54653b3c1,March,1.263,0.4201,0.4395,2.086
