analysis,month,estimate,se,lcl,ucl
6a1b85b916e12c41607cd8068eef3d99512151c4,November,5.245,0.05097,5.145,5.345
6a1b85b916e12c41607cd8068eef3d99512151c4,December,5.373,0.05011,5.275,5.471
6a1b85b916e12c41607cd8068eef3d99512151c4,January,5.499,0.05012,5.401,5.597
6a1b85b916e12c41607cd8068eef3d99512151c4,February,5.236,0.05258,5.133,5.339
