analysis,month,estimate,se,lcl,ucl
8ce2c839e701c12d8c9cfe2b7df76d0b5b8c58b1,October,0.7688,0.1444,0.4858,1.052
8ce2c839e701c12d8c9cfe2b7df76d0b5b8c58b1,November,0.8186,0.1413,0.5416,1.096
8ce2c839e701c12d8c9cfe2b7df76d0b5b8c58b1,December,0.5987,0.1558,0.2933,0.904
8ce2c839e701c12d8c9cfe2b7df76d0b5b8c58b1,January,0.6148,0.1534,0.3141,0.9155
8ce2c839e701c12d8c9cfe2b7df76d0b5b8c58b1,February,0.3958,0.1722,0.05838,0.7332
8ce2c839e701c12d8c9cfe2b7df76d0b5b8c58b1,March,0.3542,0.1766,0.008097,0.7004
