analysis,month,estimate,se,lcl,ucl
fbdee936eb971b62bbffc597425dc996c5832368,November,1.304,0.3192,0.678,1.929
fbdee936eb971b62bbffc597425dc996c5832368,December,0.6673,0.339,0.002892,1.332
fbdee936eb971b62bbffc597425dc996c5832368,January,0.5978,0.3254,-0.03993,1.235
fbdee936eb971b62bbffc597425dc996c5832368,February,-0.1893,0.3705,-0.9155,0.537
