analysis,month,estimate,se,lcl,ucl
89cb85b5f933abe521f2fa0ab7451617d0349907,November,5.378,0.05125,5.277,5.478
89cb85b5f933abe521f2fa0ab7451617d0349907,December,5.389,0.05186,5.287,5.49
89cb85b5f933abe521f2fa0ab7451617d0349907,January,5.283,0.05164,5.181,5.384
89cb85b5f933abe521f2fa0ab7451617d0349907,February,5.077,0.0534,4.972,5.181
