analysis,month,estimate,se,lcl,ucl
1850dbeb2361d2cae66a78b4406ac275ca27dc9f,October,3.176,0.05706,3.064,3.288
1850dbeb2361d2cae66a78b4406ac275ca27dc9f,November,3.032,0.05568,2.923,3.141
1850dbeb2361d2cae66a78b4406ac275ca27dc9f,December,2.787,0.06025,2.669,2.905
1850dbeb2361d2cae66a78b4406ac275ca27dc9f,January,2.829,0.06107,2.709,2.949
1850dbeb2361d2cae66a78b4406ac275ca27dc9f,February,2.663,0.06203,2.542,2.785
1850dbeb2361d2cae66a78b4406ac275ca27dc9f,March,2.577,0.06408,2.451,2.702
