analysis,month,estimate,se,lcl,ucl
8711cee49371efca846424761d132ba423191dba,October,1.349,0.1802,0.9959,1.702
8711cee49371efca846424761d132ba423191dba,November,0.8634,0.1977,0.476,1.251
8711cee49371efca846424761d132ba423191dba,December,0.9605,0.1944,0.5795,1.342
8711cee49371efca846424761d132ba423191dba,January,0.4767,0.2153,0.05476,0.8987
8711cee49371efca846424761d132ba423191dba,February,0.4941,0.2151,0.07254,0.9157
8711cee49371efca846424761d132ba423191dba,March,0.3591,0.2263,-0.08434,0.8026
