analysis,month,estimate,se,lcl,ucl
8b886eca11c25daacf13f7fb6fc5c2425ac035e0,November,9.408,0.0374,9.334,9.481
8b886eca11c25daacf13f7fb6fc5c2425ac035e0,December,9.697,0.03743,9.623,9.77
8b886eca11c25daacf13f7fb6fc5c2425ac035e0,January,9.653,0.0374,9.58,9.727
8b886eca11c25daacf13f7fb6fc5c2425ac035e0,February,9.455,0.03749,9.381,9.528
