analysis,month,estimate,se,lcl,ucl
66c513ad49cb1a882892d7c9d70ca98cb86bb77b,November,10.39,0.01619,10.35,10.42
66c513ad49cb1a882892d7c9d70ca98cb86bb77b,December,10.49,0.01633,10.46,10.53
66c513ad49cb1a882892d7c9d70ca98cb86bb77b,January,10.52,0.01603,10.49,10.55
66c513ad49cb1a882892d7c9d70ca98cb86bb77b,February,10.31,0.01624,10.28,10.34
