analysis,month,estimate,se,lcl,ucl
72fc15337320cfb9e0a21ae17f50b3c009503ec5,November,4.263,0.05012,4.165,4.361
72fc15337320cfb9e0a21ae17f50b3c009503ec5,December,5.166,0.04633,5.075,5.256
72fc15337320cfb9e0a21ae17f50b3c009503ec5,January,5.455,0.04547,5.366,5.544
72fc15337320cfb9e0a21ae17f50b3c009503ec5,February,5.546,0.04675,5.455,5.638
72fc15337320cfb9e0a21ae17f50b3c009503ec5,March,4.975,0.04935,4.878,5.071
