analysis,month,estimate,se,lcl,ucl
564290ce71f66d9f83b75c276e41660e388c7d72,November,5.712,0.08173,5.552,5.873
564290ce71f66d9f83b75c276e41660e388c7d72,December,5.491,0.08382,5.326,5.655
564290ce71f66d9f83b75c276e41660e388c7d72,January,5.936,0.07108,5.797,6.076
564290ce71f66d9f83b75c276e41660e388c7d72,February,5.298,0.08307,5.136,5.461
