analysis,month,estimate,se,lcl,ucl
de804e96deffde0f60d295f1cf98ac6f4e31347e,October,6.161,0.08855,5.988,6.335
de804e96deffde0f60d295f1cf98ac6f4e31347e,November,6.681,0.08381,6.517,6.846
de804e96deffde0f60d295f1cf98ac6f4e31347e,December,7.19,0.08319,7.027,7.353
de804e96deffde0f60d295f1cf98ac6f4e31347e,January,7.014,0.08322,6.851,7.177
de804e96deffde0f60d295f1cf98ac6f4e31347e,February,6.822,0.08394,6.658,6.987
de804e96deffde0f60d295f1cf98ac6f4e31347e,March,6.201,0.0836,6.037,6.365
