analysis,month,estimate,se,lcl,ucl
89fea16d4b6093bfa4a5b9db71bab6c1c36b3d0f,November,6.782,0.0828,6.62,6.944
89fea16d4b6093bfa4a5b9db71bab6c1c36b3d0f,December,6.286,0.08347,6.123,6.45
89fea16d4b6093bfa4a5b9db71bab6c1c36b3d0f,January,6.198,0.07809,6.045,6.351
89fea16d4b6093bfa4a5b9db71bab6c1c36b3d0f,February,6.128,0.08694,5.957,6.298
