analysis,month,estimate,se,lcl,ucl
2528f83993adb5eba82f562312adf27b583c5d1b,November,8.228,0.06691,8.097,8.359
2528f83993adb5eba82f562312adf27b583c5d1b,December,8.525,0.0672,8.393,8.656
2528f83993adb5eba82f562312adf27b583c5d1b,January,8.779,0.06727,8.647,8.911
2528f83993adb5eba82f562312adf27b583c5d1b,February,8.748,0.06699,8.616,8.879
