analysis,month,estimate,se,lcl,ucl
36004305fca7ef6f03b9ca2514ff59528da0f6cb,November,1.52,0.1102,1.304,1.736
36004305fca7ef6f03b9ca2514ff59528da0f6cb,December,3.418,0.07962,3.262,3.574
36004305fca7ef6f03b9ca2514ff59528da0f6cb,January,4.008,0.07469,3.862,4.155
36004305fca7ef6f03b9ca2514ff59528da0f6cb,February,4.148,0.07438,4.003,4.294
