analysis,month,estimate,se,lcl,ucl
c83e68dbf6ac0c2d2694d9af903c7cfedf128e71,November,2.787,0.06873,2.652,2.922
c83e68dbf6ac0c2d2694d9af903c7cfedf128e71,December,3.484,0.06141,3.364,3.604
c83e68dbf6ac0c2d2694d9af903c7cfedf128e71,January,3.801,0.05916,3.685,3.917
c83e68dbf6ac0c2d2694d9af903c7cfedf128e71,February,4.096,0.05745,3.984,4.209
c83e68dbf6ac0c2d2694d9af903c7cfedf128e71,March,3.772,0.05982,3.654,3.889
