analysis,month,estimate,se,lcl,ucl
8a7fd7454507434f4f473cec5526f32eaeaf158e,October,6.965,0.07424,6.82,7.111
8a7fd7454507434f4f473cec5526f32eaeaf158e,November,6.854,0.0749,6.707,7
8a7fd7454507434f4f473cec5526f32eaeaf158e,December,6.39,0.07434,6.244,6.536
8a7fd7454507434f4f473cec5526f32eaeaf158e,January,6.092,0.07465,5.945,6.238
8a7fd7454507434f4f473cec5526f32eaeaf158e,February,5.803,0.08158,5.644,5.963
8a7fd7454507434f4f473cec5526f32eaeaf158e,March,5.649,0.07964,5.493,5.805
