analysis,month,estimate,se,lcl,ucl
3b8c373e3a912481f87cb71540a80495ee0082e7,November,-2.026,0.5217,-3.048,-1.003
3b8c373e3a912481f87cb71540a80495ee0082e7,December,-2.844,0.7224,-4.26,-1.428
3b8c373e3a912481f87cb71540a80495ee0082e7,January,-0.682,0.3032,-1.276,-0.08771
3b8c373e3a912481f87cb71540a80495ee0082e7,February,-0.5289,0.2876,-1.093,0.03482
3b8c373e3a912481f87cb71540a80495ee0082e7,March,-1.429,0.4081,-2.229,-0.629
