analysis,month,estimate,se,lcl,ucl
1c081bf03a8a583dbd2641522ea6ccd0303558e2,October,3.545,0.09904,3.351,3.739
1c081bf03a8a583dbd2641522ea6ccd0303558e2,November,2.671,0.11,2.455,2.887
1c081bf03a8a583dbd2641522ea6ccd0303558e2,December,1.964,0.1222,1.724,2.203
1c081bf03a8a583dbd2641522ea6ccd0303558e2,January,2.041,0.1246,1.797,2.286
1c081bf03a8a583dbd2641522ea6ccd0303558e2,February,2.27,0.1222,2.031,2.51
1c081bf03a8a583dbd2641522ea6ccd0303558e2,March,4.252,0.09669,4.062,4.441
