analysis,month,estimate,se,lcl,ucl
9b321d71807bb2419c140fd3e874ec0bb7311944,November,7.338,0.03217,7.275,7.401
9b321d71807bb2419c140fd3e874ec0bb7311944,December,7.361,0.03237,7.298,7.425
9b321d71807bb2419c140fd3e874ec0bb7311944,January,7.444,0.03223,7.381,7.507
9b321d71807bb2419c140fd3e874ec0bb7311944,February,7.441,0.03546,7.372,7.511
