analysis,month,estimate,se,lcl,ucl
c797b2602a7f28e2082e88dfa5dbe8b235811646,October,5.762,0.09476,5.576,5.948
c797b2602a7f28e2082e88dfa5dbe8b235811646,November,7.243,0.08834,7.07,7.416
c797b2602a7f28e2082e88dfa5dbe8b235811646,December,7.699,0.0873,7.528,7.87
c797b2602a7f28e2082e88dfa5dbe8b235811646,January,7.844,0.08717,7.673,8.015
c797b2602a7f28e2082e88dfa5dbe8b235811646,February,7.548,0.08968,7.372,7.724
c797b2602a7f28e2082e88dfa5dbe8b235811646,March,6.474,0.1032,6.272,6.677
