analysis,month,estimate,se,lcl,ucl
4e3d2432a8ac7b0126de5187a449efc950e794cb,November,0.04398,0.4501,-0.8382,0.9262
4e3d2432a8ac7b0126de5187a449efc950e794cb,December,-0.9964,0.5812,-2.136,0.1428
4e3d2432a8ac7b0126de5187a449efc950e794cb,January,-1.392,0.689,-2.743,-0.04186
4e3d2432a8ac7b0126de5187a449efc950e794cb,February,-1.912,0.8004,-3.481,-0.343
