analysis,centre_winter,duration,estimate,se,lcl,ucl
09a28317679d3b5f708b0d279717b53fe38292b4,2008.5,8,0.3156,0.1291,0.06253,0.5687
4e3d2432a8ac7b0126de5187a449efc950e794cb,2008.5,8,0.1942,0.1093,-0.02004,0.4083
