analysis,month,estimate,se,lcl,ucl
716962cdbd1fa8723e444b4ff4176b12c7138e22,October,7.365,0.06732,7.233,7.497
716962cdbd1fa8723e444b4ff4176b12c7138e22,November,7.773,0.06765,7.641,7.906
716962cdbd1fa8723e444b4ff4176b12c7138e22,December,7.821,0.06563,7.692,7.949
716962cdbd1fa8723e444b4ff4176b12c7138e22,January,7.777,0.07094,7.638,7.916
716962cdbd1fa8723e444b4ff4176b12c7138e22,February,7.713,0.07462,7.567,7.86
716962cdbd1fa8723e444b4ff4176b12c7138e22,March,7.537,0.07572,7.389,7.686
