analysis,month,estimate,se,lcl,ucl
ee4cccb9c8b81162ca864ecdd517591687dc16f1,November,7.165,0.04046,7.086,7.244
ee4cccb9c8b81162ca864ecdd517591687dc16f1,December,7.463,0.04568,7.374,7.553
ee4cccb9c8b81162ca864ecdd517591687dc16f1,January,7.625,0.04018,7.546,7.703
ee4cccb9c8b81162ca864ecdd517591687dc16f1,February,7.543,0.0418,7.461,7.625
