analysis,month,estimate,se,lcl,ucl
d2ec5a0d56fda9be44b5545e5ea4a6cdfeb868b9,October,-0.7086,0.3357,-1.367,-0.05071
d2ec5a0d56fda9be44b5545e5ea4a6cdfeb868b9,November,0.8176,0.213,0.4,1.235
d2ec5a0d56fda9be44b5545e5ea4a6cdfeb868b9,December,1.329,0.1985,0.9399,1.718
d2ec5a0d56fda9be44b5545e5ea4a6cdfeb868b9,January,1.819,0.185,1.457,2.182
d2ec5a0d56fda9be44b5545e5ea4a6cdfeb868b9,February,1.736,0.1969,1.35,2.122
d2ec5a0d56fda9be44b5545e5ea4a6cdfeb868b9,March,0.569,0.2447,0.08929,1.049
