analysis,month,estimate,se,lcl,ucl
23817bc23609bed4550e94cb92ae24b6f661980d,November,9.207,0.0198,9.169,9.246
23817bc23609bed4550e94cb92ae24b6f661980d,December,9.264,0.01979,9.225,9.303
23817bc23609bed4550e94cb92ae24b6f661980d,January,9.293,0.01952,9.254,9.331
23817bc23609bed4550e94cb92ae24b6f661980d,February,9.129,0.01988,9.09,9.168
