analysis,month,estimate,se,lcl,ucl
15a1b60f91b35b35d04d06c8515dc02a07410865,November,4.056,0.06423,3.93,4.182
15a1b60f91b35b35d04d06c8515dc02a07410865,December,3.672,0.06616,3.543,3.802
15a1b60f91b35b35d04d06c8515dc02a07410865,January,3.382,0.06921,3.246,3.518
15a1b60f91b35b35d04d06c8515dc02a07410865,February,2.968,0.08013,2.811,3.125
