analysis,month,estimate,se,lcl,ucl
d0c84a0a607489a16c9adfbfe616d7589b3905bb,October,6.37,0.09452,6.185,6.556
d0c84a0a607489a16c9adfbfe616d7589b3905bb,November,6.914,0.07872,6.76,7.069
d0c84a0a607489a16c9adfbfe616d7589b3905bb,December,7.293,0.08119,7.134,7.452
d0c84a0a607489a16c9adfbfe616d7589b3905bb,January,7.216,0.0782,7.062,7.369
d0c84a0a607489a16c9adfbfe616d7589b3905bb,February,7.192,0.08408,7.027,7.356
d0c84a0a607489a16c9adfbfe616d7589b3905bb,March,6.345,0.1037,6.141,6.548
