analysis,month,estimate,se,lcl,ucl
4ece0abb5830fa12ac70820d4048ca2f3551c777,October,6.929,0.05897,6.813,7.044
4ece0abb5830fa12ac70820d4048ca2f3551c777,November,6.821,0.05811,6.707,6.935
4ece0abb5830fa12ac70820d4048ca2f3551c777,December,6.732,0.05775,6.619,6.845
4ece0abb5830fa12ac70820d4048ca2f3551c777,January,6.452,0.05932,6.336,6.568
4ece0abb5830fa12ac70820d4048ca2f3551c777,February,6.392,0.0587,6.277,6.507
4ece0abb5830fa12ac70820d4048ca2f3551c777,March,6.541,0.06308,6.418,6.665
