analysis,centre_winter,duration,estimate,se,lcl,ucl
ad74c03e0c85d9ec1978b547dd18edd5e1b1b7d6,2006.5,10,-0.1848,0.1129,-0.4061,0.03644
ad74c03e0c85d9ec1978b547dd18edd5e1b1b7d6,2007.5,10,-0.09233,0.1006,-0.2895,0.1048
ad74c03e0c85d9ec1978b547dd18edd5e1b1b7d6,2008.5,10,-0.01436,0.1045,-0.2191,0.1904
ad74c03e0c85d9ec1978b547dd18edd5e1b1b7d6,2007.5,12,-0.103,0.08117,-0.2621,0.05612
c0186c75a4848f54cc4c57e90eb381e0fc30c1e1,2006.5,10,-0.1612,0.1135,-0.3836,0.06114
c0186c75a4848f54cc4c57e90eb381e0fc30c1e1,2007.5,10,-0.06092,0.09728,-0.2516,0.1297
c0186c75a4848f54cc4c57e90eb381e0fc30c1e1,2008.5,10,0.0332,0.102,-0.1668,0.2332
c0186c75a4848f54cc4c57e90eb381e0fc30c1e1,2007.5,12,-0.06355,0.07464,-0.2098,0.08274
