analysis,month,estimate,se,lcl,ucl
e9bb3e3b3c1a7de6e1a743a0c9fba7f68dc9cd67,November,7.661,0.07428,7.515,7.806
e9bb3e3b3c1a7de6e1a743a0c9fba7f68dc9cd67,December,7.697,0.06833,7.563,7.831
e9bb3e3b3c1a7de6e1a743a0c9fba7f68dc9cd67,January,7.653,0.06887,7.518,7.788
e9bb3e3b3c1a7de6e1a743a0c9fba7f68dc9cd67,February,7.423,0.07069,7.284,7.562
