analysis,month,estimate,se,lcl,ucl
329cfd11d314c4b5ec63c81cdb7f98d28b43ae01,November,8.357,0.04338,8.272,8.442
329cfd11d314c4b5ec63c81cdb7f98d28b43ae01,December,8.189,0.04339,8.104,8.274
329cfd11d314c4b5ec63c81cdb7f98d28b43ae01,January,7.977,0.0431,7.892,8.061
329cfd11d314c4b5ec63c81cdb7f98d28b43ae01,February,7.945,0.04319,7.86,8.03
