analysis,month,estimate,se,lcl,ucl
1d18c0722eb2629643cfbc95ba1328cd40e75250,October,-2.365,1.73,-5.757,1.026
1d18c0722eb2629643cfbc95ba1328cd40e75250,November,-0.7451,0.3836,-1.497,0.006729
1d18c0722eb2629643cfbc95ba1328cd40e75250,December,-0.4927,0.3748,-1.227,0.2418
1d18c0722eb2629643cfbc95ba1328cd40e75250,January,-0.3991,0.3561,-1.097,0.2988
1d18c0722eb2629643cfbc95ba1328cd40e75250,February,0.05448,0.319,-0.5708,0.6798
1d18c0722eb2629643cfbc95ba1328cd40e75250,March,-0.5987,0.3704,-1.325,0.1273
