analysis,month,estimate,se,lcl,ucl
f28fc722983768bb1bb14fac5e7356d1bbece2bd,November,3.002,0.08274,2.84,3.164
f28fc722983768bb1bb14fac5e7356d1bbece2bd,December,2.804,0.08499,2.637,2.97
f28fc722983768bb1bb14fac5e7356d1bbece2bd,January,2.679,0.0794,2.523,2.834
f28fc722983768bb1bb14fac5e7356d1bbece2bd,February,2.505,0.08737,2.333,2.676
