analysis,month,estimate,se,lcl,ucl
fcd9389684a17a39ce1629adc91d5bc4c956c873,November,3.387,0.08227,3.226,3.549
fcd9389684a17a39ce1629adc91d5bc4c956c873,December,3.146,0.08487,2.98,3.313
fcd9389684a17a39ce1629adc91d5bc4c956c873,January,3.292,0.079,3.137,3.447
fcd9389684a17a39ce1629adc91d5bc4c956c873,February,3.2,0.08721,3.029,3.371
