analysis,month,estimate,se,lcl,ucl
3d4181e1715466e93e3f6206d09be443e4cb1030,November,6.026,0.08546,5.859,6.194
3d4181e1715466e93e3f6206d09be443e4cb1030,December,6.653,0.08486,6.487,6.819
3d4181e1715466e93e3f6206d09be443e4cb1030,January,6.971,0.085,6.805,7.138
3d4181e1715466e93e3f6206d09be443e4cb1030,February,6.922,0.08445,6.757,7.088
