analysis,month,estimate,se,lcl,ucl
4850df0d287885cfae1c14129d66d1fefd0c02e1,November,8.379,0.03559,8.309,8.449
4850df0d287885cfae1c14129d66d1fefd0c02e1,December,8.512,0.03558,8.443,8.582
4850df0d287885cfae1c14129d66d1fefd0c02e1,January,8.448,0.03552,8.378,8.517
4850df0d287885cfae1c14129d66d1fefd0c02e1,February,8.295,0.0358,8.225,8.365
