analysis,month,estimate,se,lcl,ucl
d1ee9690a55361c4a3d83ee30d6beecef5c8f78a,November,5.931,0.05353,5.826,6.036
d1ee9690a55361c4a3d83ee30d6beecef5c8f78a,December,5.728,0.05177,5.626,5.829
d1ee9690a55361c4a3d83ee30d6beecef5c8f78a,January,5.619,0.04938,5.522,5.715
d1ee9690a55361c4a3d83ee30d6beecef5c8f78a,February,5.581,0.05394,5.475,5.686
