analysis,month,estimate,se,lcl,ucl
859e9112b67c9d0ce154c20ca7d94f1e88ae3823,November,-0.06295,0.4463,-0.9377,0.8118
859e9112b67c9d0ce154c20ca7d94f1e88ae3823,December,-1.086,0.5742,-2.211,0.0398
859e9112b67c9d0ce154c20ca7d94f1e88ae3823,January,-1.114,0.612,-2.314,0.08545
859e9112b67c9d0ce154c20ca7d94f1e88ae3823,February,-1.988,0.7906,-3.538,-0.4386
