analysis,month,estimate,se,lcl,ucl
11970c0b9e0c709f3261f36a18637204e7af12e6,November,7.198,0.08971,7.023,7.374
11970c0b9e0c709f3261f36a18637204e7af12e6,December,7.623,0.0888,7.449,7.797
11970c0b9e0c709f3261f36a18637204e7af12e6,January,7.758,0.08857,7.584,7.931
11970c0b9e0c709f3261f36a18637204e7af12e6,February,7.438,0.09253,7.257,7.619
