analysis,month,estimate,se,lcl,ucl
941a52e670bc718502ddade8d5ea7d28637f7553,October,6.071,0.08891,5.896,6.245
941a52e670bc718502ddade8d5ea7d28637f7553,November,6.321,0.08532,6.154,6.488
941a52e670bc718502ddade8d5ea7d28637f7553,December,6.635,0.08145,6.475,6.794
941a52e670bc718502ddade8d5ea7d28637f7553,January,6.717,0.08144,6.557,6.877
941a52e670bc718502ddade8d5ea7d28637f7553,February,6.749,0.08223,6.588,6.91
941a52e670bc718502ddade8d5ea7d28637f7553,March,6.555,0.0879,6.382,6.727
