analysis,month,estimate,se,lcl,ucl
23df844f64a24c6cfc72d4bf6e45ffb55f84f208,November,3.659,0.07794,3.506,3.811
23df844f64a24c6cfc72d4bf6e45ffb55f84f208,December,3.386,0.08439,3.221,3.551
23df844f64a24c6cfc72d4bf6e45ffb55f84f208,January,2.94,0.08648,2.771,3.11
23df844f64a24c6cfc72d4bf6e45ffb55f84f208,February,3.029,0.08658,2.86,3.199
