analysis,month,estimate,se,lcl,ucl
4f5025d98b03e532eaac321cb33c6b8296c8cc59,November,6.237,0.07012,6.1,6.375
4f5025d98b03e532eaac321cb33c6b8296c8cc59,December,5.953,0.06903,5.818,6.089
4f5025d98b03e532eaac321cb33c6b8296c8cc59,January,5.76,0.06917,5.624,5.895
4f5025d98b03e532eaac321cb33c6b8296c8cc59,February,5.756,0.0721,5.615,5.898
