analysis,month,estimate,se,lcl,ucl
e69a06e5e47fce2b9d8a5fe5a07e5bbb4e4918cd,November,-2.072,0.5278,-3.106,-1.037
e69a06e5e47fce2b9d8a5fe5a07e5bbb4e4918cd,December,-0.7359,0.3326,-1.388,-0.08394
e69a06e5e47fce2b9d8a5fe5a07e5bbb4e4918cd,January,-0.6729,0.308,-1.277,-0.06935
e69a06e5e47fce2b9d8a5fe5a07e5bbb4e4918cd,February,-0.4189,0.2824,-0.9723,0.1345
e69a06e5e47fce2b9d8a5fe5a07e5bbb4e4918cd,March,-1.09,0.3582,-1.792,-0.3883
