analysis,month,estimate,se,lcl,ucl
3ab0a234683be695f870655182cbdb254603fd37,November,0.3428,0.2161,-0.08069,0.7662
3ab0a234683be695f870655182cbdb254603fd37,December,0.2786,0.2229,-0.1583,0.7156
3ab0a234683be695f870655182cbdb254603fd37,January,0.3098,0.2116,-0.1048,0.7245
3ab0a234683be695f870655182cbdb254603fd37,February,-0.06499,0.2549,-0.5647,0.4347
