analysis,month,estimate,se,lcl,ucl
d0b49dc2f34ae976dfcfad07bb00301c04ab518a,November,6.741,0.05749,6.628,6.854
d0b49dc2f34ae976dfcfad07bb00301c04ab518a,December,7.011,0.05476,6.904,7.118
d0b49dc2f34ae976dfcfad07bb00301c04ab518a,January,7.183,0.05443,7.076,7.29
d0b49dc2f34ae976dfcfad07bb00301c04ab518a,February,7.292,0.0553,7.184,7.401
