analysis,month,estimate,se,lcl,ucl
3a5ec689e6be7ae6ceb5d4e31745f39b49e9c89a,October,5.748,0.03368,5.682,5.814
3a5ec689e6be7ae6ceb5d4e31745f39b49e9c89a,November,5.347,0.03447,5.28,5.415
3a5ec689e6be7ae6ceb5d4e31745f39b49e9c89a,December,5.111,0.03557,5.041,5.181
3a5ec689e6be7ae6ceb5d4e31745f39b49e9c89a,January,4.924,0.03636,4.853,4.996
3a5ec689e6be7ae6ceb5d4e31745f39b49e9c89a,February,4.951,0.03625,4.88,5.023
3a5ec689e6be7ae6ceb5d4e31745f39b49e9c89a,March,5.189,0.03491,5.12,5.257
