analysis,month,estimate,se,lcl,ucl
168f67e68e063748b92ef42631f0dda54c0234cd,November,4.424,0.042,4.341,4.506
168f67e68e063748b92ef42631f0dda54c0234cd,December,5.355,0.03892,5.279,5.431
168f67e68e063748b92ef42631f0dda54c0234cd,January,5.667,0.03753,5.593,5.741
168f67e68e063748b92ef42631f0dda54c0234cd,February,5.785,0.03861,5.709,5.861
