analysis,month,estimate,se,lcl,ucl
e7635a9f4d545a8f82889af0aae866acac2513d4,November,7.504,0.05219,7.402,7.607
e7635a9f4d545a8f82889af0aae866acac2513d4,December,7.249,0.05109,7.149,7.349
e7635a9f4d545a8f82889af0aae866acac2513d4,January,7.166,0.05223,7.063,7.268
e7635a9f4d545a8f82889af0aae866acac2513d4,February,6.913,0.05149,6.812,7.014
