analysis,month,estimate,se,lcl,ucl
bf2b58edd7f1d45ff3717a732de050f54c8916d0,November,1.495,0.1177,1.264,1.726
bf2b58edd7f1d45ff3717a732de050f54c8916d0,December,2.365,0.09855,2.172,2.559
bf2b58edd7f1d45ff3717a732de050f54c8916d0,January,2.764,0.08471,2.598,2.93
bf2b58edd7f1d45ff3717a732de050f54c8916d0,February,2.752,0.08469,2.586,2.918
