analysis,month,estimate,se,lcl,ucl
05127beac317d03eeb05965c6740f69fe9007a43,October,6.097,0.04381,6.011,6.183
05127beac317d03eeb05965c6740f69fe9007a43,November,6.051,0.04319,5.967,6.136
05127beac317d03eeb05965c6740f69fe9007a43,December,6.029,0.04506,5.94,6.117
05127beac317d03eeb05965c6740f69fe9007a43,January,5.871,0.04375,5.785,5.957
05127beac317d03eeb05965c6740f69fe9007a43,February,5.83,0.04248,5.747,5.913
05127beac317d03eeb05965c6740f69fe9007a43,March,5.883,0.04524,5.794,5.972
