analysis,month,estimate,se,lcl,ucl
e7eb8bf263c568628b0576c588f5deb0ef1f2e6d,October,8.762,0.05464,8.655,8.87
e7eb8bf263c568628b0576c588f5deb0ef1f2e6d,November,9.9,0.05286,9.796,10
e7eb8bf263c568628b0576c588f5deb0ef1f2e6d,December,10.66,0.05231,10.55,10.76
e7eb8bf263c568628b0576c588f5deb0ef1f2e6d,January,10.95,0.0525,10.85,11.06
e7eb8bf263c568628b0576c588f5deb0ef1f2e6d,February,10.67,0.05245,10.57,10.78
e7eb8bf263c568628b0576c588f5deb0ef1f2e6d,March,10.16,0.05318,10.06,10.27
