analysis,month,estimate,se,lcl,ucl
e6ff05bba186056e24ffa29090b077a5a534a1b4,October,1.085,0.3585,0.3822,1.788
e6ff05bba186056e24ffa29090b077a5a534a1b4,November,0.778,0.3564,0.07951,1.476
e6ff05bba186056e24ffa29090b077a5a534a1b4,December,1.069,0.3537,0.3761,1.762
e6ff05bba186056e24ffa29090b077a5a534a1b4,January,-0.2483,0.414,-1.06,0.5631
e6ff05bba186056e24ffa29090b077a5a534a1b4,February,0.769,0.37,0.04385,1.494
e6ff05bba186056e24ffa29090b077a5a534a1b4,March,0.5202,0.4086,-0.2807,1.321
