analysis,month,estimate,se,lcl,ucl
86bd3e5781ffb44d540b6262d9e28b3bba6cd8b8,October,7.218,0.05424,7.111,7.324
86bd3e5781ffb44d540b6262d9e28b3bba6cd8b8,November,7.233,0.05367,7.128,7.338
86bd3e5781ffb44d540b6262d9e28b3bba6cd8b8,December,7.262,0.04901,7.166,7.358
86bd3e5781ffb44d540b6262d9e28b3bba6cd8b8,January,7.252,0.04869,7.156,7.347
86bd3e5781ffb44d540b6262d9e28b3bba6cd8b8,February,7.232,0.04879,7.136,7.327
86bd3e5781ffb44d540b6262d9e28b3bba6cd8b8,March,6.931,0.04864,6.836,7.026
