analysis,month,estimate,se,lcl,ucl
556023555e62545f5e6930ca3e4bfc4828179471,November,6.91,0.02367,6.863,6.956
556023555e62545f5e6930ca3e4bfc4828179471,December,6.884,0.02383,6.837,6.93
556023555e62545f5e6930ca3e4bfc4828179471,January,6.854,0.02351,6.808,6.9
556023555e62545f5e6930ca3e4bfc4828179471,February,6.81,0.02377,6.763,6.857
