analysis,month,estimate,se,lcl,ucl
1883834ed913556262eec9b6cc587eb7044e2ce7,November,6.517,0.06807,6.384,6.651
1883834ed913556262eec9b6cc587eb7044e2ce7,December,6.64,0.07184,6.499,6.781
1883834ed913556262eec9b6cc587eb7044e2ce7,January,6.599,0.06547,6.471,6.727
1883834ed913556262eec9b6cc587eb7044e2ce7,February,6.339,0.07358,6.195,6.483
