analysis,month,estimate,se,lcl,ucl
15de0584545d7d1150b3178dcbb8db20aad9506d,October,3.877,0.09423,3.693,4.062
15de0584545d7d1150b3178dcbb8db20aad9506d,November,3.579,0.09551,3.391,3.766
15de0584545d7d1150b3178dcbb8db20aad9506d,December,3.141,0.09846,2.948,3.334
15de0584545d7d1150b3178dcbb8db20aad9506d,January,2.94,0.09931,2.746,3.135
15de0584545d7d1150b3178dcbb8db20aad9506d,February,2.742,0.1018,2.543,2.942
15de0584545d7d1150b3178dcbb8db20aad9506d,March,2.79,0.1048,2.584,2.995
