analysis,month,estimate,se,lcl,ucl
c2f19c57761ec77fc8ed041b05de24ced0e22975,November,6.099,0.07891,5.944,6.254
c2f19c57761ec77fc8ed041b05de24ced0e22975,December,6.38,0.07979,6.223,6.536
c2f19c57761ec77fc8ed041b05de24ced0e22975,January,6.586,0.07428,6.441,6.732
c2f19c57761ec77fc8ed041b05de24ced0e22975,February,6.503,0.07881,6.348,6.657
