analysis,month,estimate,se,lcl,ucl
6f68e44e886d8f75805d165ec18cd3ec7918f466,October,-0.1216,0.2371,-0.5863,0.3431
6f68e44e886d8f75805d165ec18cd3ec7918f466,November,-0.4587,0.2539,-0.9563,0.03896
6f68e44e886d8f75805d165ec18cd3ec7918f466,December,-0.2036,0.2427,-0.6794,0.2722
6f68e44e886d8f75805d165ec18cd3ec7918f466,January,-0.3889,0.2479,-0.8748,0.09702
6f68e44e886d8f75805d165ec18cd3ec7918f466,February,-0.4983,0.2524,-0.9931,-0.003582
6f68e44e886d8f75805d165ec18cd3ec7918f466,March,-0.504,0.2542,-1.002,-0.005821
