analysis,month,estimate,se,lcl,ucl
6b2a5162fe931ec4d20e4b63f46fba7207a911c9,October,-0.2787,0.4557,-1.172,0.6144
6b2a5162fe931ec4d20e4b63f46fba7207a911c9,November,-2.474,0.7054,-3.857,-1.091
6b2a5162fe931ec4d20e4b63f46fba7207a911c9,December,-1.071,0.5433,-2.135,-0.005787
6b2a5162fe931ec4d20e4b63f46fba7207a911c9,January,-0.8863,0.4832,-1.833,0.06067
6b2a5162fe931ec4d20e4b63f46fba7207a911c9,February,-1.982,0.6017,-3.162,-0.8032
6b2a5162fe931ec4d20e4b63f46fba7207a911c9,March,2.833,0.36,2.127,3.538
