analysis,month,estimate,se,lcl,ucl
cd3d42aa7035a73541fe6d8300fd86c83e201315,November,6.642,0.02732,6.589,6.696
cd3d42aa7035a73541fe6d8300fd86c83e201315,December,6.481,0.02836,6.425,6.537
cd3d42aa7035a73541fe6d8300fd86c83e201315,January,6.53,0.02721,6.476,6.583
cd3d42aa7035a73541fe6d8300fd86c83e201315,February,6.575,0.02801,6.52,6.63
