analysis,month,estimate,se,lcl,ucl
1586424730e4ac517ce1ffeadab20d8677edb18f,October,6.8,0.02833,6.745,6.856
1586424730e4ac517ce1ffeadab20d8677edb18f,November,6.623,0.02869,6.567,6.68
1586424730e4ac517ce1ffeadab20d8677edb18f,December,6.564,0.02803,6.509,6.619
1586424730e4ac517ce1ffeadab20d8677edb18f,January,6.405,0.02778,6.351,6.459
1586424730e4ac517ce1ffeadab20d8677edb18f,February,6.345,0.02833,6.289,6.4
1586424730e4ac517ce1ffeadab20d8677edb18f,March,6.301,0.02923,6.244,6.359
