analysis,month,estimate,se,lcl,ucl
4aafb1a23b61d481974e9561ad3670db078b0692,October,6.513,0.02662,6.46,6.565
4aafb1a23b61d481974e9561ad3670db078b0692,November,6.392,0.02696,6.339,6.444
4aafb1a23b61d481974e9561ad3670db078b0692,December,6.242,0.0273,6.188,6.295
4aafb1a23b61d481974e9561ad3670db078b0692,January,6.235,0.02684,6.182,6.287
4aafb1a23b61d481974e9561ad3670db078b0692,February,6.29,0.02709,6.237,6.343
4aafb1a23b61d481974e9561ad3670db078b0692,March,6.254,0.02716,6.201,6.308
