analysis,month,estimate,se,lcl,ucl
d8f19d37aa4ff9aec4288359c1bf8e9df0f24521,November,7.988,0.03703,7.916,8.061
d8f19d37aa4ff9aec4288359c1bf8e9df0f24521,December,8.206,0.03706,8.133,8.278
d8f19d37aa4ff9aec4288359c1bf8e9df0f24521,January,8.391,0.0366,8.32,8.463
d8f19d37aa4ff9aec4288359c1bf8e9df0f24521,February,8.362,0.03676,8.29,8.434
