analysis,month,estimate,se,lcl,ucl
02259b1154c4281abddacc8ed567625cef3e598f,October,7.673,0.05963,7.556,7.79
02259b1154c4281abddacc8ed567625cef3e598f,November,8.059,0.05965,7.942,8.176
02259b1154c4281abddacc8ed567625cef3e598f,December,8.436,0.05623,8.326,8.546
02259b1154c4281abddacc8ed567625cef3e598f,January,8.319,0.05698,8.207,8.431
02259b1154c4281abddacc8ed567625cef3e598f,February,8.268,0.05728,8.156,8.38
02259b1154c4281abddacc8ed567625cef3e598f,March,7.753,0.05701,7.641,7.865
