analysis,month,estimate,se,lcl,ucl
47d520740d17a8b76dff2f0d28001a584a8b7e04,November,5.151,0.05334,5.046,5.255
47d520740d17a8b76dff2f0d28001a584a8b7e04,December,5.26,0.05276,5.156,5.363
47d520740d17a8b76dff2f0d28001a584a8b7e04,January,5.378,0.05287,5.274,5.481
47d520740d17a8b76dff2f0d28001a584a8b7e04,February,5.13,0.05536,5.022,5.239
