analysis,month,estimate,se,lcl,ucl
fbfb252e88d2857179fdf55e4fad4d702539cd8d,November,10.38,0.024,10.33,10.43
fbfb252e88d2857179fdf55e4fad4d702539cd8d,December,10.52,0.02385,10.47,10.57
fbfb252e88d2857179fdf55e4fad4d702539cd8d,January,10.42,0.02386,10.37,10.46
fbfb252e88d2857179fdf55e4fad4d702539cd8d,February,10.07,0.02395,10.02,10.11
