analysis,month,estimate,se,lcl,ucl
07bc5d57b29bcc03aab3fef1585e438141a6edc6,November,1.437,0.1189,1.204,1.67
07bc5d57b29bcc03aab3fef1585e438141a6edc6,December,2.363,0.1009,2.165,2.561
07bc5d57b29bcc03aab3fef1585e438141a6edc6,January,2.767,0.08929,2.592,2.942
07bc5d57b29bcc03aab3fef1585e438141a6edc6,February,2.743,0.08942,2.568,2.918
07bc5d57b29bcc03aab3fef1585e438141a6edc6,March,2.093,0.1023,1.893,2.294
