analysis,month,estimate,se,lcl,ucl
3f3e39871c12727ad823e2d62cd7273e362a475b,October,-0.329,0.3214,-0.9589,0.3008
3f3e39871c12727ad823e2d62cd7273e362a475b,November,-0.2796,0.3037,-0.8748,0.3156
3f3e39871c12727ad823e2d62cd7273e362a475b,December,-0.05209,0.3062,-0.6522,0.548
3f3e39871c12727ad823e2d62cd7273e362a475b,January,-0.5075,0.3162,-1.127,0.1122
3f3e39871c12727ad823e2d62cd7273e362a475b,February,-0.5631,0.3265,-1.203,0.07684
3f3e39871c12727ad823e2d62cd7273e362a475b,March,-0.9271,0.3694,-1.651,-0.2031
