analysis,month,estimate,se,lcl,ucl
d9018109ce7c64653acd72cd849290e9e639cc70,November,7.962,0.05442,7.855,8.069
d9018109ce7c64653acd72cd849290e9e639cc70,December,7.762,0.05463,7.655,7.869
d9018109ce7c64653acd72cd849290e9e639cc70,January,7.512,0.05442,7.406,7.619
d9018109ce7c64653acd72cd849290e9e639cc70,February,7.47,0.0545,7.364,7.577
