analysis,month,estimate,se,lcl,ucl
d71e2f9a37f8e561ae546593fdb7f13bfa0c4442,October,2.859,0.08492,2.692,3.025
d71e2f9a37f8e561ae546593fdb7f13bfa0c4442,November,2.998,0.07729,2.846,3.149
d71e2f9a37f8e561ae546593fdb7f13bfa0c4442,December,2.984,0.07728,2.832,3.135
d71e2f9a37f8e561ae546593fdb7f13bfa0c4442,January,2.906,0.07743,2.754,3.058
d71e2f9a37f8e561ae546593fdb7f13bfa0c4442,February,2.699,0.08182,2.538,2.859
d71e2f9a37f8e561ae546593fdb7f13bfa0c4442,March,2.517,0.0845,2.351,2.682
