analysis,month,estimate,se,lcl,ucl
087ebdc1032810bc0885ddd926f32ffe12f2f4d7,October,9.624,0.04084,9.544,9.704
087ebdc1032810bc0885ddd926f32ffe12f2f4d7,November,10.02,0.0409,9.936,10.1
087ebdc1032810bc0885ddd926f32ffe12f2f4d7,December,10.12,0.04083,10.04,10.2
087ebdc1032810bc0885ddd926f32ffe12f2f4d7,January,10.24,0.04263,10.15,10.32
087ebdc1032810bc0885ddd926f32ffe12f2f4d7,February,10.17,0.04164,10.09,10.26
087ebdc1032810bc0885ddd926f32ffe12f2f4d7,March,10.1,0.03961,10.02,10.18
