analysis,month,estimate,se,lcl,ucl
39c5436cb64954d9d690ab15b822b607aa5726aa,October,0.1229,0.3625,-0.5876,0.8335
39c5436cb64954d9d690ab15b822b607aa5726aa,November,-0.1407,0.3755,-0.8766,0.5952
39c5436cb64954d9d690ab15b822b607aa5726aa,December,0.2249,0.3475,-0.4563,0.906
39c5436cb64954d9d690ab15b822b607aa5726aa,January,-0.02052,0.3013,-0.611,0.57
39c5436cb64954d9d690ab15b822b607aa5726aa,February,0.7102,0.2916,0.1386,1.282
39c5436cb64954d9d690ab15b822b607aa5726aa,March,0.06067,0.3168,-0.5602,0.6815
