analysis,month,estimate,se,lcl,ucl
121df3531c84f86ee55de908f8549f33fedeac1a,November,4.767,0.09607,4.579,4.955
121df3531c84f86ee55de908f8549f33fedeac1a,December,5.564,0.09148,5.384,5.743
121df3531c84f86ee55de908f8549f33fedeac1a,January,6.08,0.08596,5.912,6.249
121df3531c84f86ee55de908f8549f33fedeac1a,February,5.844,0.08929,5.669,6.019
