analysis,month,estimate,se,lcl,ucl
1f2f35fb5bb821dcd1ea3ae3dadc19a4a3201212,November,-0.2382,0.2891,-0.8048,0.3284
1f2f35fb5bb821dcd1ea3ae3dadc19a4a3201212,December,-0.8199,0.3964,-1.597,-0.04302
1f2f35fb5bb821dcd1ea3ae3dadc19a4a3201212,January,-0.2013,0.3205,-0.8295,0.4269
1f2f35fb5bb821dcd1ea3ae3dadc19a4a3201212,February,-0.3729,0.3249,-1.01,0.2638
1f2f35fb5bb821dcd1ea3ae3dadc19a4a3201212,March,-0.9709,0.5254,-2.001,0.05877
