analysis,month,estimate,se,lcl,ucl
e2a74e7499090c274c3ecf2a24dc08657c144a5b,November,8.339,0.04411,8.253,8.426
e2a74e7499090c274c3ecf2a24dc08657c144a5b,December,8.459,0.04439,8.372,8.546
e2a74e7499090c274c3ecf2a24dc08657c144a5b,January,8.468,0.03954,8.391,8.546
e2a74e7499090c274c3ecf2a24dc08657c144a5b,February,8.108,0.04237,8.025,8.191
