analysis,month,estimate,se,lcl,ucl
963bd1e25fe843846e7291fd143ea40d3bf1bd80,November,6.037,0.03167,5.975,6.099
963bd1e25fe843846e7291fd143ea40d3bf1bd80,December,5.992,0.03371,5.926,6.058
963bd1e25fe843846e7291fd143ea40d3bf1bd80,January,6.007,0.03157,5.945,6.069
963bd1e25fe843846e7291fd143ea40d3bf1bd80,February,5.892,0.03294,5.827,5.956
