analysis,month,estimate,se,lcl,ucl
236d8988f66b9b94824c79a1a9be74993a085a71,November,5.613,0.04128,5.532,5.694
236d8988f66b9b94824c79a1a9be74993a085a71,December,5.592,0.04122,5.511,5.673
236d8988f66b9b94824c79a1a9be74993a085a71,January,5.517,0.0412,5.436,5.597
236d8988f66b9b94824c79a1a9be74993a085a71,February,5.534,0.04191,5.452,5.616
