analysis,month,estimate,se,lcl,ucl
08c2ebef66d0471404f6cd9e01cd28a2d9c2922c,November,8.013,0.02366,7.966,8.059
08c2ebef66d0471404f6cd9e01cd28a2d9c2922c,December,7.953,0.02371,7.907,8
08c2ebef66d0471404f6cd9e01cd28a2d9c2922c,January,7.847,0.02362,7.801,7.894
08c2ebef66d0471404f6cd9e01cd28a2d9c2922c,February,7.827,0.02375,7.781,7.874
