analysis,centre_winter,duration,estimate,se,lcl,ucl
4779b868b7a42c57c2047dc389f7bc62bf660a1d,2019.5,10,0.06764,0.1088,-0.1456,0.2809
7cbffc1d08cb09d2c7e17926dd9271c23e68cf77,2019.5,10,0.05497,0.1033,-0.1474,0.2573
