analysis,month,estimate,se,lcl,ucl
405002f3b32f7836f28cb5d612029277ec5ac379,November,6.328,0.07111,6.188,6.467
405002f3b32f7836f28cb5d612029277ec5ac379,December,6.622,0.06622,6.492,6.752
405002f3b32f7836f28cb5d612029277ec5ac379,January,6.714,0.06845,6.58,6.848
405002f3b32f7836f28cb5d612029277ec5ac379,February,6.745,0.06737,6.613,6.878
