analysis,month,estimate,se,lcl,ucl
b9d37a556ae0705d5bbf6b336bc0b808704f57d1,November,3.842,0.0643,3.716,3.968
b9d37a556ae0705d5bbf6b336bc0b808704f57d1,December,3.622,0.06681,3.491,3.753
b9d37a556ae0705d5bbf6b336bc0b808704f57d1,January,3.379,0.06681,3.248,3.51
b9d37a556ae0705d5bbf6b336bc0b808704f57d1,February,3.305,0.06749,3.172,3.437
