analysis,month,estimate,se,lcl,ucl
1368fb6bd8da40070f332dcf6908b162d333bc25,November,7.507,0.03929,7.43,7.584
1368fb6bd8da40070f332dcf6908b162d333bc25,December,7.506,0.03802,7.432,7.581
1368fb6bd8da40070f332dcf6908b162d333bc25,January,7.52,0.03705,7.447,7.592
1368fb6bd8da40070f332dcf6908b162d333bc25,February,7.479,0.03947,7.402,7.556
