analysis,month,estimate,se,lcl,ucl
4dd3f57d2fb6e464e8b97c589ef2a8999b8b39b7,November,7.704,0.03849,7.629,7.78
4dd3f57d2fb6e464e8b97c589ef2a8999b8b39b7,December,8.078,0.03836,8.003,8.154
4dd3f57d2fb6e464e8b97c589ef2a8999b8b39b7,January,8.309,0.03839,8.234,8.384
4dd3f57d2fb6e464e8b97c589ef2a8999b8b39b7,February,8.506,0.03827,8.431,8.581
