analysis,month,estimate,se,lcl,ucl
356fdb54a9acac1a4abd76c972f4620d680f00a3,November,3.292,0.1305,3.036,3.548
356fdb54a9acac1a4abd76c972f4620d680f00a3,December,5.138,0.09495,4.952,5.324
356fdb54a9acac1a4abd76c972f4620d680f00a3,January,5.68,0.09039,5.503,5.857
356fdb54a9acac1a4abd76c972f4620d680f00a3,February,5.569,0.09415,5.384,5.753
