analysis,month,estimate,se,lcl,ucl
10f9c024bb6cdb086da952d42a8f1894fc0fc192,November,2.758,0.07307,2.614,2.901
10f9c024bb6cdb086da952d42a8f1894fc0fc192,December,2.616,0.08162,2.456,2.776
10f9c024bb6cdb086da952d42a8f1894fc0fc192,January,2.703,0.07362,2.559,2.848
10f9c024bb6cdb086da952d42a8f1894fc0fc192,February,2.701,0.07551,2.553,2.849
