analysis,month,estimate,se,lcl,ucl
635cf4c14a729f840f3598a7c4bc1456b791be48,November,7.899,0.06639,7.769,8.029
635cf4c14a729f840f3598a7c4bc1456b791be48,December,7.964,0.06707,7.833,8.096
635cf4c14a729f840f3598a7c4bc1456b791be48,January,7.981,0.06474,7.855,8.108
635cf4c14a729f840f3598a7c4bc1456b791be48,February,7.864,0.06894,7.729,7.999
