analysis,month,estimate,se,lcl,ucl
3e560b924b9bccd8792c15eff0576ef6dcd6b73a,November,7.058,0.02906,7.001,7.114
3e560b924b9bccd8792c15eff0576ef6dcd6b73a,December,6.981,0.02797,6.927,7.036
3e560b924b9bccd8792c15eff0576ef6dcd6b73a,January,6.87,0.02739,6.817,6.924
3e560b924b9bccd8792c15eff0576ef6dcd6b73a,February,6.785,0.02866,6.729,6.841
