analysis,month,estimate,se,lcl,ucl
627ef56114282699a4ec35c426ea5e3e75ffcafa,October,0.5542,0.281,0.003427,1.105
627ef56114282699a4ec35c426ea5e3e75ffcafa,November,0.1703,0.2747,-0.368,0.7086
627ef56114282699a4ec35c426ea5e3e75ffcafa,December,0.2749,0.2861,-0.2859,0.8357
627ef56114282699a4ec35c426ea5e3e75ffcafa,January,-0.1345,0.3064,-0.735,0.4661
627ef56114282699a4ec35c426ea5e3e75ffcafa,February,0.06752,0.3056,-0.5314,0.6664
627ef56114282699a4ec35c426ea5e3e75ffcafa,March,0.8328,0.3008,0.2431,1.422
