analysis,month,estimate,se,lcl,ucl
3eb5b7a61bb6ed6e7cd1fccc7ef9340b79909020,October,3.662,0.07405,3.517,3.807
3eb5b7a61bb6ed6e7cd1fccc7ef9340b79909020,November,3.529,0.07711,3.378,3.68
3eb5b7a61bb6ed6e7cd1fccc7ef9340b79909020,December,3.294,0.07884,3.14,3.449
3eb5b7a61bb6ed6e7cd1fccc7ef9340b79909020,January,2.786,0.08546,2.618,2.953
3eb5b7a61bb6ed6e7cd1fccc7ef9340b79909020,February,2.923,0.08479,2.757,3.089
3eb5b7a61bb6ed6e7cd1fccc7ef9340b79909020,March,3.353,0.07745,3.202,3.505
