analysis,centre_winter,duration,estimate,se,lcl,ucl
95253ac098bb26ad8c6321051bfd3fbdd4c00919,2020,9,0.04178,0.05944,-0.07472,0.1583
e14876ae3d84b8d56d64bdc7ba2fd528218bda28,2020,9,0.09323,0.05076,-0.006254,0.1927
