analysis,month,estimate,se,lcl,ucl
882ad5f3a5ee869dd233c81fc36b1f2c9a5a025f,November,3.916,0.0837,3.752,4.08
882ad5f3a5ee869dd233c81fc36b1f2c9a5a025f,December,3.53,0.08784,3.358,3.702
882ad5f3a5ee869dd233c81fc36b1f2c9a5a025f,January,3.724,0.0781,3.57,3.877
882ad5f3a5ee869dd233c81fc36b1f2c9a5a025f,February,3.535,0.08718,3.364,3.706
