analysis,month,estimate,se,lcl,ucl
d45889aec47a9f267fc1708c89bfe0d6ee864bb2,October,3.792,0.071,3.653,3.932
d45889aec47a9f267fc1708c89bfe0d6ee864bb2,November,3.952,0.06824,3.818,4.086
d45889aec47a9f267fc1708c89bfe0d6ee864bb2,December,3.691,0.06963,3.554,3.827
d45889aec47a9f267fc1708c89bfe0d6ee864bb2,January,3.417,0.07301,3.274,3.561
d45889aec47a9f267fc1708c89bfe0d6ee864bb2,February,3.387,0.07408,3.242,3.532
d45889aec47a9f267fc1708c89bfe0d6ee864bb2,March,3.566,0.07289,3.423,3.709
