analysis,month,estimate,se,lcl,ucl
ab2b585f6e1ece45f130266cf2f0f248f8a4aed6,November,11.29,0.02455,11.24,11.33
ab2b585f6e1ece45f130266cf2f0f248f8a4aed6,December,11.44,0.02452,11.39,11.49
ab2b585f6e1ece45f130266cf2f0f248f8a4aed6,January,11.36,0.02442,11.31,11.4
ab2b585f6e1ece45f130266cf2f0f248f8a4aed6,February,10.99,0.02451,10.95,11.04
