analysis,month,estimate,se,lcl,ucl
b49b2c1813f89a343918a961f5547eccd684880f,November,7.591,0.05577,7.482,7.701
b49b2c1813f89a343918a961f5547eccd684880f,December,7.558,0.05817,7.444,7.672
b49b2c1813f89a343918a961f5547eccd684880f,January,7.702,0.04882,7.606,7.797
b49b2c1813f89a343918a961f5547eccd684880f,February,7.419,0.05573,7.309,7.528
