analysis,month,estimate,se,lcl,ucl
7ac5707cda043602f4eedf113b1b3ae03b6c7dde,October,6.053,0.0833,5.889,6.216
7ac5707cda043602f4eedf113b1b3ae03b6c7dde,November,5.928,0.08179,5.768,6.089
7ac5707cda043602f4eedf113b1b3ae03b6c7dde,December,5.814,0.08184,5.654,5.975
7ac5707cda043602f4eedf113b1b3ae03b6c7dde,January,5.805,0.08195,5.644,5.965
7ac5707cda043602f4eedf113b1b3ae03b6c7dde,February,5.726,0.0847,5.56,5.892
7ac5707cda043602f4eedf113b1b3ae03b6c7dde,March,5.853,0.0975,5.662,6.044
