analysis,month,estimate,se,lcl,ucl
3530a3426d40b8d8d92a89e3b59612a37d097854,November,9.019,0.0576,8.906,9.132
3530a3426d40b8d8d92a89e3b59612a37d097854,December,8.995,0.05713,8.883,9.107
3530a3426d40b8d8d92a89e3b59612a37d097854,January,9.187,0.05723,9.075,9.299
3530a3426d40b8d8d92a89e3b59612a37d097854,February,9.123,0.05706,9.011,9.235
