analysis,month,estimate,se,lcl,ucl
e88119a45a6553240e39247becdd89576b359d12,October,5.952,0.0713,5.812,6.091
e88119a45a6553240e39247becdd89576b359d12,November,6.177,0.06567,6.049,6.306
e88119a45a6553240e39247becdd89576b359d12,December,6.506,0.06317,6.382,6.629
e88119a45a6553240e39247becdd89576b359d12,January,6.377,0.06488,6.249,6.504
e88119a45a6553240e39247becdd89576b359d12,February,6.067,0.06401,5.942,6.192
e88119a45a6553240e39247becdd89576b359d12,March,5.461,0.06344,5.337,5.586
