analysis,centre_winter,duration,estimate,se,lcl,ucl
81ad54124917200088d83f5335d530718bdd7a59,2013.5,10,0.107,0.09543,-0.07999,0.2941
f8347e46594cbcfaa77fc573c011d9815dab5cc3,2013.5,10,0.1257,0.09106,-0.05272,0.3042
