analysis,month,estimate,se,lcl,ucl
5ce47845d894687095f28dd8603d99b3a419bb31,November,3.736,0.0946,3.551,3.922
5ce47845d894687095f28dd8603d99b3a419bb31,December,3.639,0.09443,3.454,3.824
5ce47845d894687095f28dd8603d99b3a419bb31,January,3.501,0.0946,3.316,3.687
5ce47845d894687095f28dd8603d99b3a419bb31,February,3.539,0.09722,3.349,3.73
