analysis,month,estimate,se,lcl,ucl
0b1b8430328b09991c1049dc63b52bac67eee93a,November,7.251,0.07994,7.094,7.408
0b1b8430328b09991c1049dc63b52bac67eee93a,December,7.695,0.07858,7.541,7.849
0b1b8430328b09991c1049dc63b52bac67eee93a,January,7.84,0.0784,7.687,7.994
0b1b8430328b09991c1049dc63b52bac67eee93a,February,7.541,0.08197,7.38,7.701
