analysis,month,estimate,se,lcl,ucl
4da74a6227cc231b2d615867d56d0c503b970685,November,0.5772,0.2499,0.08745,1.067
4da74a6227cc231b2d615867d56d0c503b970685,December,-1.069,0.362,-1.778,-0.3596
4da74a6227cc231b2d615867d56d0c503b970685,January,-0.4484,0.2891,-1.015,0.1183
4da74a6227cc231b2d615867d56d0c503b970685,February,-0.5624,0.3046,-1.159,0.03461
