analysis,month,estimate,se,lcl,ucl
4a0f06a96213cbe8b7bcb27822785d62763020e8,October,7.578,0.07018,7.441,7.716
4a0f06a96213cbe8b7bcb27822785d62763020e8,November,7.51,0.07288,7.367,7.653
4a0f06a96213cbe8b7bcb27822785d62763020e8,December,7.573,0.06879,7.439,7.708
4a0f06a96213cbe8b7bcb27822785d62763020e8,January,7.542,0.06657,7.411,7.672
4a0f06a96213cbe8b7bcb27822785d62763020e8,February,7.245,0.06898,7.11,7.38
4a0f06a96213cbe8b7bcb27822785d62763020e8,March,6.918,0.06723,6.786,7.049
