analysis,month,estimate,se,lcl,ucl
aac24c498ac0b8201f30acd14f96c866916ef907,October,-0.9417,0.315,-1.559,-0.3244
aac24c498ac0b8201f30acd14f96c866916ef907,November,-0.6294,0.2969,-1.211,-0.04748
aac24c498ac0b8201f30acd14f96c866916ef907,December,-0.6224,0.2943,-1.199,-0.04558
aac24c498ac0b8201f30acd14f96c866916ef907,January,-1.391,0.3531,-2.083,-0.6986
aac24c498ac0b8201f30acd14f96c866916ef907,February,-2.016,0.4212,-2.841,-1.19
aac24c498ac0b8201f30acd14f96c866916ef907,March,-1.668,0.3749,-2.403,-0.9337
