analysis,centre_winter,duration,estimate,se,lcl,ucl
694a11e1a1734c6e3333146dce32798d72d43719,2013.5,10,0.03182,0.08503,-0.1348,0.1985
b0b4a6e3901aebaf718e008d0642d5eaa952ec2d,2013.5,10,0.0264,0.08961,-0.1492,0.202
