analysis,month,estimate,se,lcl,ucl
3556f0014bda3de682ba1897cb6b47ca86ffc994,November,6.01,0.05206,5.908,6.112
3556f0014bda3de682ba1897cb6b47ca86ffc994,December,5.916,0.05048,5.817,6.015
3556f0014bda3de682ba1897cb6b47ca86ffc994,January,5.889,0.04508,5.801,5.977
3556f0014bda3de682ba1897cb6b47ca86ffc994,February,5.752,0.0516,5.651,5.853
