analysis,month,estimate,se,lcl,ucl
a2fd1d0cc744569e1e55cb1f37508e3da52fd4d5,November,4.001,0.09119,3.822,4.18
a2fd1d0cc744569e1e55cb1f37508e3da52fd4d5,December,4.084,0.09863,3.89,4.277
a2fd1d0cc744569e1e55cb1f37508e3da52fd4d5,January,4.042,0.09504,3.855,4.228
a2fd1d0cc744569e1e55cb1f37508e3da52fd4d5,February,4.006,0.08756,3.835,4.178
