analysis,month,estimate,se,lcl,ucl
ff0b5ebbfe05b6ddc7d682724c84fc3c8416ff56,October,4.911,0.05639,4.801,5.022
ff0b5ebbfe05b6ddc7d682724c84fc3c8416ff56,November,5.072,0.0526,4.969,5.175
ff0b5ebbfe05b6ddc7d682724c84fc3c8416ff56,December,5.078,0.05219,4.976,5.18
ff0b5ebbfe05b6ddc7d682724c84fc3c8416ff56,January,5.051,0.05032,4.952,5.149
ff0b5ebbfe05b6ddc7d682724c84fc3c8416ff56,February,4.934,0.05363,4.829,5.039
ff0b5ebbfe05b6ddc7d682724c84fc3c8416ff56,March,4.611,0.05542,4.503,4.72
