analysis,month,estimate,se,lcl,ucl
d4901e97aa1f75d2ae5615c162ad8b0d5ecb33b7,November,7.383,0.02251,7.339,7.428
d4901e97aa1f75d2ae5615c162ad8b0d5ecb33b7,December,7.28,0.02303,7.235,7.325
d4901e97aa1f75d2ae5615c162ad8b0d5ecb33b7,January,7.323,0.02222,7.28,7.367
d4901e97aa1f75d2ae5615c162ad8b0d5ecb33b7,February,7.324,0.02309,7.279,7.37
