analysis,month,estimate,se,lcl,ucl
cb172344f69d44eac07b7998fd6cb2578599933e,November,6.774,0.1129,6.553,6.995
cb172344f69d44eac07b7998fd6cb2578599933e,December,7.128,0.1047,6.923,7.333
cb172344f69d44eac07b7998fd6cb2578599933e,January,7.492,0.09664,7.302,7.681
cb172344f69d44eac07b7998fd6cb2578599933e,February,7.52,0.09685,7.33,7.71
