analysis,month,estimate,se,lcl,ucl
5ed409fa99152b4cdc179698bd086210a3df6475,November,4.203,0.06017,4.085,4.321
5ed409fa99152b4cdc179698bd086210a3df6475,December,3.962,0.06416,3.836,4.088
5ed409fa99152b4cdc179698bd086210a3df6475,January,3.646,0.06488,3.519,3.773
5ed409fa99152b4cdc179698bd086210a3df6475,February,3.699,0.06539,3.571,3.827
