analysis,month,estimate,se,lcl,ucl
2eb6ee8bc751c281c7b74fdacca306fced610359,October,6.485,0.09186,6.305,6.665
2eb6ee8bc751c281c7b74fdacca306fced610359,November,6.431,0.08932,6.256,6.606
2eb6ee8bc751c281c7b74fdacca306fced610359,December,5.904,0.08971,5.728,6.08
2eb6ee8bc751c281c7b74fdacca306fced610359,January,5.735,0.0906,5.558,5.913
2eb6ee8bc751c281c7b74fdacca306fced610359,February,5.748,0.09217,5.567,5.929
2eb6ee8bc751c281c7b74fdacca306fced610359,March,6.119,0.09244,5.938,6.3
