analysis,month,estimate,se,lcl,ucl
2532847189a190e14ea3375ed42f7864c9a2c3be,November,1.864,0.105,1.658,2.07
2532847189a190e14ea3375ed42f7864c9a2c3be,December,3.882,0.08176,3.721,4.042
2532847189a190e14ea3375ed42f7864c9a2c3be,January,4.432,0.07874,4.278,4.586
2532847189a190e14ea3375ed42f7864c9a2c3be,February,4.505,0.07852,4.351,4.659
2532847189a190e14ea3375ed42f7864c9a2c3be,March,3.28,0.08765,3.108,3.452
