analysis,month,estimate,se,lcl,ucl
3ab3c0a699e0109d45e486e12cb34e8b55882cf1,October,3.079,0.1031,2.877,3.281
3ab3c0a699e0109d45e486e12cb34e8b55882cf1,November,2.848,0.09686,2.658,3.037
3ab3c0a699e0109d45e486e12cb34e8b55882cf1,December,2.889,0.0979,2.697,3.081
3ab3c0a699e0109d45e486e12cb34e8b55882cf1,January,2.721,0.09746,2.53,2.912
3ab3c0a699e0109d45e486e12cb34e8b55882cf1,February,2.599,0.09883,2.405,2.793
3ab3c0a699e0109d45e486e12cb34e8b55882cf1,March,2.313,0.1134,2.091,2.536
