analysis,month,estimate,se,lcl,ucl
378582e4002d1135c8449f37f1c81e976eaaabe7,November,3.123,0.06517,2.996,3.251
378582e4002d1135c8449f37f1c81e976eaaabe7,December,3.947,0.06097,3.828,4.067
378582e4002d1135c8449f37f1c81e976eaaabe7,January,4.337,0.05654,4.226,4.448
378582e4002d1135c8449f37f1c81e976eaaabe7,February,4.62,0.05662,4.509,4.731
