analysis,month,estimate,se,lcl,ucl
0cc07da663a31b1b3f9f1efb19ac31372d37455e,November,10.33,0.03321,10.26,10.39
0cc07da663a31b1b3f9f1efb19ac31372d37455e,December,10.39,0.03241,10.33,10.45
0cc07da663a31b1b3f9f1efb19ac31372d37455e,January,10.6,0.03388,10.53,10.67
0cc07da663a31b1b3f9f1efb19ac31372d37455e,February,10.45,0.03376,10.39,10.52
