analysis,month,estimate,se,lcl,ucl
4d8a00789fadc54e5961df807dd0e76a39dbd030,November,8.738,0.03963,8.66,8.816
4d8a00789fadc54e5961df807dd0e76a39dbd030,December,9.115,0.03944,9.037,9.192
4d8a00789fadc54e5961df807dd0e76a39dbd030,January,9.27,0.03869,9.194,9.346
4d8a00789fadc54e5961df807dd0e76a39dbd030,February,9.127,0.03977,9.049,9.205
