analysis,month,estimate,se,lcl,ucl
32f40b435bb22051a6066127a1b085f9cb9b1986,November,5.454,0.0726,5.311,5.596
32f40b435bb22051a6066127a1b085f9cb9b1986,December,5.182,0.08032,5.025,5.34
32f40b435bb22051a6066127a1b085f9cb9b1986,January,5.082,0.07607,4.933,5.231
32f40b435bb22051a6066127a1b085f9cb9b1986,February,5.192,0.08073,5.034,5.35
