analysis,month,estimate,se,lcl,ucl
88598fa7fe087ededca6a2107a2d9864ecb14ed3,November,7.489,0.03426,7.422,7.556
88598fa7fe087ededca6a2107a2d9864ecb14ed3,December,7.442,0.0343,7.374,7.509
88598fa7fe087ededca6a2107a2d9864ecb14ed3,January,7.56,0.03122,7.499,7.621
88598fa7fe087ededca6a2107a2d9864ecb14ed3,February,7.382,0.03559,7.313,7.452
