analysis,month,estimate,se,lcl,ucl
9349900ded6c421ff33f65d386adb18dac19ee96,November,7.778,0.03518,7.709,7.847
9349900ded6c421ff33f65d386adb18dac19ee96,December,7.624,0.03631,7.553,7.695
9349900ded6c421ff33f65d386adb18dac19ee96,January,7.584,0.03447,7.517,7.652
9349900ded6c421ff33f65d386adb18dac19ee96,February,7.503,0.03481,7.435,7.571
