analysis,month,estimate,se,lcl,ucl
b178aa3558dda3ab175676b799a6621a3644dfe6,October,3.149,0.08174,2.989,3.309
b178aa3558dda3ab175676b799a6621a3644dfe6,November,3.056,0.07924,2.9,3.211
b178aa3558dda3ab175676b799a6621a3644dfe6,December,3.041,0.07877,2.887,3.196
b178aa3558dda3ab175676b799a6621a3644dfe6,January,3.009,0.07745,2.857,3.16
b178aa3558dda3ab175676b799a6621a3644dfe6,February,2.811,0.08848,2.638,2.985
b178aa3558dda3ab175676b799a6621a3644dfe6,March,2.585,0.0998,2.389,2.781
