analysis,month,estimate,se,lcl,ucl
1b7cf09d57e4af5be2ad34af9a67fd9a25e8dc08,October,6.767,0.07625,6.618,6.916
1b7cf09d57e4af5be2ad34af9a67fd9a25e8dc08,November,6.833,0.07319,6.69,6.977
1b7cf09d57e4af5be2ad34af9a67fd9a25e8dc08,December,7.038,0.07421,6.892,7.183
1b7cf09d57e4af5be2ad34af9a67fd9a25e8dc08,January,6.951,0.07347,6.807,7.094
1b7cf09d57e4af5be2ad34af9a67fd9a25e8dc08,February,6.838,0.07256,6.696,6.98
1b7cf09d57e4af5be2ad34af9a67fd9a25e8dc08,March,6.145,0.07369,6.001,6.29
