analysis,month,estimate,se,lcl,ucl
f2d78a2f02c6b096e8619c9899a6dfa502f743b8,November,2.363,0.08534,2.195,2.53
f2d78a2f02c6b096e8619c9899a6dfa502f743b8,December,2.364,0.08662,2.195,2.534
f2d78a2f02c6b096e8619c9899a6dfa502f743b8,January,2.053,0.0926,1.871,2.234
f2d78a2f02c6b096e8619c9899a6dfa502f743b8,February,1.967,0.09939,1.772,2.162
