analysis,month,estimate,se,lcl,ucl
84fb57f8fe4afcd25ff2060da24800d49ac4f45c,November,4.056,0.06423,3.93,4.182
84fb57f8fe4afcd25ff2060da24800d49ac4f45c,December,3.672,0.06616,3.543,3.802
84fb57f8fe4afcd25ff2060da24800d49ac4f45c,January,3.382,0.06921,3.246,3.518
84fb57f8fe4afcd25ff2060da24800d49ac4f45c,February,2.968,0.08013,2.811,3.125
