analysis,month,estimate,se,lcl,ucl
b6f28f197ed03bbcacb07c9db944912761a43b35,November,7.369,0.05716,7.257,7.481
b6f28f197ed03bbcacb07c9db944912761a43b35,December,7.349,0.05926,7.233,7.465
b6f28f197ed03bbcacb07c9db944912761a43b35,January,7.314,0.05599,7.204,7.424
b6f28f197ed03bbcacb07c9db944912761a43b35,February,7.251,0.05826,7.137,7.366
