analysis,month,estimate,se,lcl,ucl
fa45ca30751eccbe70aee80891dee96e4a484a54,November,8.68,0.02455,8.632,8.728
fa45ca30751eccbe70aee80891dee96e4a484a54,December,8.6,0.0259,8.549,8.651
fa45ca30751eccbe70aee80891dee96e4a484a54,January,8.618,0.0235,8.571,8.664
fa45ca30751eccbe70aee80891dee96e4a484a54,February,8.444,0.02461,8.395,8.492
