analysis,month,estimate,se,lcl,ucl
2243ce71579a8394979c6cca6087b7f99e3fe72a,October,5.603,0.08423,5.438,5.769
2243ce71579a8394979c6cca6087b7f99e3fe72a,November,5.299,0.08485,5.133,5.465
2243ce71579a8394979c6cca6087b7f99e3fe72a,December,4.989,0.08471,4.823,5.155
2243ce71579a8394979c6cca6087b7f99e3fe72a,January,4.405,0.08689,4.235,4.575
2243ce71579a8394979c6cca6087b7f99e3fe72a,February,4.362,0.08744,4.191,4.534
2243ce71579a8394979c6cca6087b7f99e3fe72a,March,4.641,0.09233,4.46,4.822
