analysis,month,estimate,se,lcl,ucl
5ef7fe02c1a8f32bc5fc9b7ce7aefd0a00a6905f,November,3.778,0.08356,3.614,3.942
5ef7fe02c1a8f32bc5fc9b7ce7aefd0a00a6905f,December,3.508,0.0861,3.339,3.676
5ef7fe02c1a8f32bc5fc9b7ce7aefd0a00a6905f,January,3.302,0.0866,3.132,3.471
5ef7fe02c1a8f32bc5fc9b7ce7aefd0a00a6905f,February,3.092,0.09024,2.915,3.269
