analysis,month,estimate,se,lcl,ucl
4254651dab991921deac1625e154775fc3932e3b,November,6.65,0.08854,6.477,6.824
4254651dab991921deac1625e154775fc3932e3b,December,6.9,0.08913,6.725,7.074
4254651dab991921deac1625e154775fc3932e3b,January,7.044,0.08282,6.881,7.206
4254651dab991921deac1625e154775fc3932e3b,February,6.835,0.0876,6.663,7.006
