analysis,month,estimate,se,lcl,ucl
a7064acb6bbd0329ac897774217e08a60f191c99,October,1.815,0.3417,1.145,2.485
a7064acb6bbd0329ac897774217e08a60f191c99,November,1.458,0.3427,0.7863,2.13
a7064acb6bbd0329ac897774217e08a60f191c99,December,0.8758,0.3558,0.1785,1.573
a7064acb6bbd0329ac897774217e08a60f191c99,January,0.5974,0.3542,-0.09686,1.292
a7064acb6bbd0329ac897774217e08a60f191c99,February,0.7915,0.3569,0.09207,1.491
a7064acb6bbd0329ac897774217e08a60f191c99,March,0.4142,0.4767,-0.5202,1.349
