analysis,month,estimate,se,lcl,ucl
cd5386d8b2df01eb310c2461abf46e8dcf3eaea9,November,5.337,0.1034,5.134,5.54
cd5386d8b2df01eb310c2461abf46e8dcf3eaea9,December,5.295,0.1065,5.087,5.504
cd5386d8b2df01eb310c2461abf46e8dcf3eaea9,January,5.223,0.09452,5.038,5.408
cd5386d8b2df01eb310c2461abf46e8dcf3eaea9,February,5.093,0.09915,4.899,5.287
