analysis,month,estimate,se,lcl,ucl
054c35646171ec36da76d1308c4ce9dff299456e,November,7.35,0.04601,7.26,7.44
054c35646171ec36da76d1308c4ce9dff299456e,December,7.612,0.04586,7.522,7.702
054c35646171ec36da76d1308c4ce9dff299456e,January,7.723,0.04593,7.633,7.813
054c35646171ec36da76d1308c4ce9dff299456e,February,7.941,0.04608,7.851,8.031
