analysis,month,estimate,se,lcl,ucl
c936df1d3c475ea58f33a22ebaa042ecbd60e6ab,November,2.674,0.09619,2.486,2.863
c936df1d3c475ea58f33a22ebaa042ecbd60e6ab,December,2.487,0.09777,2.295,2.679
c936df1d3c475ea58f33a22ebaa042ecbd60e6ab,January,2.265,0.09457,2.08,2.45
c936df1d3c475ea58f33a22ebaa042ecbd60e6ab,February,2.21,0.0992,2.016,2.404
