analysis,month,estimate,se,lcl,ucl
a2803321d412ee82d12ff1fd1ed91a246ba85669,November,7.043,0.02501,6.994,7.092
a2803321d412ee82d12ff1fd1ed91a246ba85669,December,7.058,0.02418,7.011,7.106
a2803321d412ee82d12ff1fd1ed91a246ba85669,January,7.025,0.02436,6.977,7.073
a2803321d412ee82d12ff1fd1ed91a246ba85669,February,6.86,0.02443,6.812,6.908
