analysis,month,estimate,se,lcl,ucl
f40ea42279c5f7b767301fd4176f873d6229995d,November,3.221,0.06879,3.086,3.356
f40ea42279c5f7b767301fd4176f873d6229995d,December,3.208,0.06604,3.079,3.338
f40ea42279c5f7b767301fd4176f873d6229995d,January,3.124,0.06655,2.994,3.255
f40ea42279c5f7b767301fd4176f873d6229995d,February,2.989,0.07129,2.849,3.129
