analysis,month,estimate,se,lcl,ucl
8f1baf34b1a24d56da62d99f564496696b355e64,October,7.175,0.05467,7.068,7.283
8f1baf34b1a24d56da62d99f564496696b355e64,November,7.566,0.05304,7.462,7.67
8f1baf34b1a24d56da62d99f564496696b355e64,December,7.872,0.05113,7.772,7.973
8f1baf34b1a24d56da62d99f564496696b355e64,January,7.871,0.05034,7.772,7.97
8f1baf34b1a24d56da62d99f564496696b355e64,February,7.824,0.0568,7.713,7.935
8f1baf34b1a24d56da62d99f564496696b355e64,March,7.513,0.06095,7.393,7.632
