analysis,month,estimate,se,lcl,ucl
4769450275714d410005138cf2f217417bbd64f7,November,8.906,0.02952,8.848,8.964
4769450275714d410005138cf2f217417bbd64f7,December,9.09,0.02923,9.032,9.147
4769450275714d410005138cf2f217417bbd64f7,January,9.071,0.02915,9.014,9.128
4769450275714d410005138cf2f217417bbd64f7,February,8.929,0.02934,8.872,8.987
