analysis,month,estimate,se,lcl,ucl
226be3cb171396637e88597114186817fc81688c,October,3.632,0.08657,3.463,3.802
226be3cb171396637e88597114186817fc81688c,November,4.112,0.08489,3.946,4.278
226be3cb171396637e88597114186817fc81688c,December,4.147,0.0833,3.984,4.311
226be3cb171396637e88597114186817fc81688c,January,4.328,0.08294,4.165,4.49
226be3cb171396637e88597114186817fc81688c,February,4.694,0.08387,4.53,4.858
226be3cb171396637e88597114186817fc81688c,March,4.852,0.0819,4.692,5.013
