analysis,month,estimate,se,lcl,ucl
224705b89a01e9ad50a7405cec628a5366a7447e,November,1.963,0.09178,1.783,2.143
224705b89a01e9ad50a7405cec628a5366a7447e,December,4.004,0.06741,3.872,4.136
224705b89a01e9ad50a7405cec628a5366a7447e,January,4.596,0.06329,4.472,4.72
224705b89a01e9ad50a7405cec628a5366a7447e,February,4.702,0.06332,4.578,4.826
