analysis,month,estimate,se,lcl,ucl
a19dbfcaa2618f096f999128a76e175ef5d18948,October,0.5642,0.2678,0.03929,1.089
a19dbfcaa2618f096f999128a76e175ef5d18948,November,0.6068,0.2619,0.09339,1.12
a19dbfcaa2618f096f999128a76e175ef5d18948,December,0.7469,0.2615,0.2344,1.259
a19dbfcaa2618f096f999128a76e175ef5d18948,January,0.1674,0.2809,-0.3832,0.7179
a19dbfcaa2618f096f999128a76e175ef5d18948,February,-0.5,0.3302,-1.147,0.1471
a19dbfcaa2618f096f999128a76e175ef5d18948,March,-0.1875,0.3053,-0.786,0.4109
