analysis,month,estimate,se,lcl,ucl
71f8ddbd59b8fa0babc8e804fbc12398feefc8b8,October,-1.012,0.3246,-1.649,-0.3762
71f8ddbd59b8fa0babc8e804fbc12398feefc8b8,November,-0.9779,0.3207,-1.606,-0.3495
71f8ddbd59b8fa0babc8e804fbc12398feefc8b8,December,-1.382,0.3822,-2.131,-0.633
71f8ddbd59b8fa0babc8e804fbc12398feefc8b8,January,-0.8507,0.2958,-1.431,-0.2708
71f8ddbd59b8fa0babc8e804fbc12398feefc8b8,February,-0.539,0.2747,-1.077,-0.0006003
71f8ddbd59b8fa0babc8e804fbc12398feefc8b8,March,-0.6224,0.2861,-1.183,-0.06163
