analysis,month,estimate,se,lcl,ucl
99cd1dd7ac851ae9d0ea10b98441bd3ace6dbdb9,November,4.052,0.07407,3.907,4.197
99cd1dd7ac851ae9d0ea10b98441bd3ace6dbdb9,December,4.051,0.06528,3.923,4.179
99cd1dd7ac851ae9d0ea10b98441bd3ace6dbdb9,January,4.27,0.06086,4.151,4.389
99cd1dd7ac851ae9d0ea10b98441bd3ace6dbdb9,February,4.219,0.06618,4.089,4.349
