analysis,month,estimate,se,lcl,ucl
bfe3d43d91f48ff66ec308a3a6e9824f25909814,November,3.682,0.0956,3.494,3.869
bfe3d43d91f48ff66ec308a3a6e9824f25909814,December,3.237,0.09971,3.042,3.433
bfe3d43d91f48ff66ec308a3a6e9824f25909814,January,3.408,0.09089,3.23,3.587
bfe3d43d91f48ff66ec308a3a6e9824f25909814,February,3.258,0.1013,3.059,3.456
