analysis,month,estimate,se,lcl,ucl
224dabb482af37c0af240493fd7d2c6eb4a686d0,November,9.442,0.04301,9.357,9.526
224dabb482af37c0af240493fd7d2c6eb4a686d0,December,9.431,0.04196,9.349,9.514
224dabb482af37c0af240493fd7d2c6eb4a686d0,January,9.249,0.0425,9.166,9.332
224dabb482af37c0af240493fd7d2c6eb4a686d0,February,8.806,0.04258,8.722,8.889
