analysis,month,estimate,se,lcl,ucl
12569096ebd071a14559b421d59de5676862ddf6,November,-0.6937,0.3593,-1.398,0.01057
12569096ebd071a14559b421d59de5676862ddf6,December,0.1291,0.2923,-0.4439,0.7021
12569096ebd071a14559b421d59de5676862ddf6,January,0.4241,0.2629,-0.09112,0.9393
12569096ebd071a14559b421d59de5676862ddf6,February,0.326,0.289,-0.2405,0.8926
