analysis,month,estimate,se,lcl,ucl
9ef3a9d3a940f732fe794867de78e327fdd606e2,October,5.406,0.08227,5.245,5.568
9ef3a9d3a940f732fe794867de78e327fdd606e2,November,5.856,0.0824,5.694,6.017
9ef3a9d3a940f732fe794867de78e327fdd606e2,December,6.017,0.08544,5.85,6.185
9ef3a9d3a940f732fe794867de78e327fdd606e2,January,6.037,0.09002,5.861,6.214
9ef3a9d3a940f732fe794867de78e327fdd606e2,February,5.818,0.08707,5.647,5.989
9ef3a9d3a940f732fe794867de78e327fdd606e2,March,5.42,0.1034,5.218,5.623
