analysis,month,estimate,se,lcl,ucl
6d1631bd593b7667a48c9f4d3963d3c75fd10a0f,November,5.943,0.07634,5.793,6.092
6d1631bd593b7667a48c9f4d3963d3c75fd10a0f,December,5.811,0.0762,5.662,5.96
6d1631bd593b7667a48c9f4d3963d3c75fd10a0f,January,5.8,0.07627,5.651,5.95
6d1631bd593b7667a48c9f4d3963d3c75fd10a0f,February,5.725,0.079,5.57,5.879
