analysis,month,estimate,se,lcl,ucl
333c38b3a09a3218183dcdf56483be2d69825cdc,October,6.419,0.02447,6.371,6.467
333c38b3a09a3218183dcdf56483be2d69825cdc,November,6.458,0.02439,6.41,6.505
333c38b3a09a3218183dcdf56483be2d69825cdc,December,6.459,0.02388,6.413,6.506
333c38b3a09a3218183dcdf56483be2d69825cdc,January,6.457,0.02375,6.41,6.503
333c38b3a09a3218183dcdf56483be2d69825cdc,February,6.357,0.02321,6.312,6.403
333c38b3a09a3218183dcdf56483be2d69825cdc,March,6.298,0.02458,6.249,6.346
