analysis,month,estimate,se,lcl,ucl
91580c53bae792543b207e04675d8d41366f9474,October,8.389,0.0553,8.281,8.498
91580c53bae792543b207e04675d8d41366f9474,November,8.475,0.05491,8.368,8.583
91580c53bae792543b207e04675d8d41366f9474,December,8.662,0.05492,8.555,8.77
91580c53bae792543b207e04675d8d41366f9474,January,8.521,0.05504,8.413,8.629
91580c53bae792543b207e04675d8d41366f9474,February,8.136,0.05558,8.027,8.245
91580c53bae792543b207e04675d8d41366f9474,March,7.095,0.05625,6.985,7.206
