analysis,month,estimate,se,lcl,ucl
07875f6ab0687ba9c233e2659ad90129f05cd969,October,8.773,0.05494,8.665,8.881
07875f6ab0687ba9c233e2659ad90129f05cd969,November,9.251,0.05434,9.145,9.358
07875f6ab0687ba9c233e2659ad90129f05cd969,December,9.219,0.05323,9.114,9.323
07875f6ab0687ba9c233e2659ad90129f05cd969,January,9.014,0.05409,8.908,9.12
07875f6ab0687ba9c233e2659ad90129f05cd969,February,8.483,0.05373,8.377,8.588
07875f6ab0687ba9c233e2659ad90129f05cd969,March,7.706,0.05454,7.599,7.813
