analysis,month,estimate,se,lcl,ucl
8b7f631b022e5ba04c7eb92c326b3362837309c8,November,7.964,0.05762,7.851,8.077
8b7f631b022e5ba04c7eb92c326b3362837309c8,December,8.247,0.05762,8.135,8.36
8b7f631b022e5ba04c7eb92c326b3362837309c8,January,8.393,0.05636,8.282,8.503
8b7f631b022e5ba04c7eb92c326b3362837309c8,February,8.189,0.05736,8.076,8.301
